[INFO] Scanning for projects...
[INFO] 
[INFO] --------------------< org.example:StockHub-Spring >---------------------
[INFO] Building StockHub-Spring 0.0.1-SNAPSHOT
[INFO]   from pom.xml
[INFO] --------------------------------[ jar ]---------------------------------
[INFO] 
[INFO] >>> spring-boot:4.1.0:run (default-cli) > test-compile @ StockHub-Spring >>>
[INFO] 
[INFO] --- resources:3.5.0:resources (default-resources) @ StockHub-Spring ---
[INFO] Copying 1 resource from src\main\resources to target\classes
[INFO] Copying 0 resource from src\main\resources to target\classes
[INFO] 
[INFO] --- compiler:3.15.0:compile (default-compile) @ StockHub-Spring ---
[INFO] Nothing to compile - all classes are up to date.
[INFO] 
[INFO] --- resources:3.5.0:testResources (default-testResources) @ StockHub-Spring ---
[INFO] skip non existing resourceDirectory C:\Users\andre\Documents\spring\StockHub-Spring\src\test\resources
[INFO] 
[INFO] --- compiler:3.15.0:testCompile (default-testCompile) @ StockHub-Spring ---
[INFO] Nothing to compile - all classes are up to date.
[INFO] 
[INFO] <<< spring-boot:4.1.0:run (default-cli) < test-compile @ StockHub-Spring <<<
[INFO] 
[INFO] 
[INFO] --- spring-boot:4.1.0:run (default-cli) @ StockHub-Spring ---
[INFO] Attaching agents: []

  .   ____          _            __ _ _
 /\\ / ___'_ __ _ _(_)_ __  __ _ \ \ \ \
( ( )\___ | '_ | '_| | '_ \/ _` | \ \ \ \
 \\/  ___)| |_)| | | | | || (_| |  ) ) ) )
  '  |____| .__|_| |_|_| |_\__, | / / / /
 =========|_|==============|___/=/_/_/_/

 :: Spring Boot ::                (v4.1.0)

2026-06-28T23:05:53.046-03:00  INFO 23444 --- [StockHub-Spring] [           main] o.e.s.StockHubSpringApplication          : Starting StockHubSpringApplication using Java 21.0.10 with PID 23444 (C:\Users\andre\Documents\spring\StockHub-Spring\target\classes started by andre in C:\Users\andre\Documents\spring\StockHub-Spring)
2026-06-28T23:05:53.052-03:00  INFO 23444 --- [StockHub-Spring] [           main] o.e.s.StockHubSpringApplication          : No active profile set, falling back to 1 default profile: "default"
2026-06-28T23:05:53.053-03:00 DEBUG 23444 --- [StockHub-Spring] [           main] o.s.boot.SpringApplication               : Loading source class org.example.stockhubspring.StockHubSpringApplication
2026-06-28T23:05:53.086-03:00 DEBUG 23444 --- [StockHub-Spring] [           main] ConfigServletWebServerApplicationContext : Refreshing org.springframework.boot.web.server.servlet.context.AnnotationConfigServletWebServerApplicationContext@36060e
2026-06-28T23:05:53.476-03:00  INFO 23444 --- [StockHub-Spring] [           main] .s.d.r.c.RepositoryConfigurationDelegate : Bootstrapping Spring Data JPA repositories in DEFAULT mode.
2026-06-28T23:05:53.488-03:00 DEBUG 23444 --- [StockHub-Spring] [           main] o.s.b.a.AutoConfigurationPackages        : @EnableAutoConfiguration was declared on a class in the package 'org.example.stockhubspring'. Automatic @Repository and @Entity scanning is enabled.
2026-06-28T23:05:53.523-03:00  INFO 23444 --- [StockHub-Spring] [           main] .s.d.r.c.RepositoryConfigurationDelegate : Finished Spring Data repository scanning in 41 ms. Found 4 JPA repository interfaces.
2026-06-28T23:05:53.848-03:00 DEBUG 23444 --- [StockHub-Spring] [           main] o.s.b.t.s.TomcatServletWebServerFactory  : Code archive: C:\Users\andre\.m2\repository\org\springframework\boot\spring-boot-web-server\4.1.0\spring-boot-web-server-4.1.0.jar
2026-06-28T23:05:53.848-03:00 DEBUG 23444 --- [StockHub-Spring] [           main] o.s.b.t.s.TomcatServletWebServerFactory  : Code archive: C:\Users\andre\.m2\repository\org\springframework\boot\spring-boot-web-server\4.1.0\spring-boot-web-server-4.1.0.jar
2026-06-28T23:05:53.849-03:00 DEBUG 23444 --- [StockHub-Spring] [           main] o.s.b.t.s.TomcatServletWebServerFactory  : Document root: C:\Users\andre\Documents\spring\StockHub-Spring\.\src\main\webapp
2026-06-28T23:05:53.870-03:00  INFO 23444 --- [StockHub-Spring] [           main] o.s.boot.tomcat.TomcatWebServer          : Tomcat initialized with port 8080 (http)
2026-06-28T23:05:53.881-03:00  INFO 23444 --- [StockHub-Spring] [           main] o.apache.catalina.core.StandardService   : Starting service [Tomcat]
2026-06-28T23:05:53.882-03:00  INFO 23444 --- [StockHub-Spring] [           main] o.apache.catalina.core.StandardEngine    : Starting Servlet engine: [Apache Tomcat/11.0.22]
2026-06-28T23:05:54.067-03:00  INFO 23444 --- [StockHub-Spring] [           main] org.apache.jasper.servlet.TldScanner     : At least one JAR was scanned for TLDs yet contained no TLDs. Enable debug logging for this logger for a complete list of JARs that were scanned but no TLDs were found in them. Skipping unneeded JARs during scanning can improve startup time and JSP compilation time.
2026-06-28T23:05:54.073-03:00 DEBUG 23444 --- [StockHub-Spring] [           main] b.w.c.s.WebApplicationContextInitializer : Published root WebApplicationContext as ServletContext attribute with name [org.springframework.web.context.WebApplicationContext.ROOT]
2026-06-28T23:05:54.074-03:00  INFO 23444 --- [StockHub-Spring] [           main] b.w.c.s.WebApplicationContextInitializer : Root WebApplicationContext: initialization completed in 988 ms
2026-06-28T23:05:54.088-03:00 DEBUG 23444 --- [StockHub-Spring] [           main] o.s.b.w.s.ServletContextInitializerBeans : Mapping filters: characterEncodingFilter urls=[/*] order=-2147483648, formContentFilter urls=[/*] order=-9900, requestContextFilter urls=[/*] order=-105
2026-06-28T23:05:54.089-03:00 DEBUG 23444 --- [StockHub-Spring] [           main] o.s.b.w.s.ServletContextInitializerBeans : Mapping servlets: dispatcherServlet urls=[/]
2026-06-28T23:05:54.104-03:00 DEBUG 23444 --- [StockHub-Spring] [           main] o.s.b.s.f.OrderedRequestContextFilter    : Filter 'requestContextFilter' configured for use
2026-06-28T23:05:54.105-03:00 DEBUG 23444 --- [StockHub-Spring] [           main] o.s.b.s.f.OrderedCharacterEncodingFilter : Filter 'characterEncodingFilter' configured for use
2026-06-28T23:05:54.106-03:00 DEBUG 23444 --- [StockHub-Spring] [           main] o.s.b.s.filter.OrderedFormContentFilter  : Filter 'formContentFilter' configured for use
2026-06-28T23:05:54.200-03:00  INFO 23444 --- [StockHub-Spring] [           main] org.hibernate.orm.jpa                    : HHH008540: Processing PersistenceUnitInfo [name: default]
2026-06-28T23:05:54.241-03:00  INFO 23444 --- [StockHub-Spring] [           main] org.hibernate.orm.core                   : HHH000001: Hibernate ORM core version 7.4.1.Final
2026-06-28T23:05:54.565-03:00  INFO 23444 --- [StockHub-Spring] [           main] o.s.o.j.p.SpringPersistenceUnitInfo      : No LoadTimeWeaver setup: ignoring JPA class transformer
2026-06-28T23:05:54.590-03:00  INFO 23444 --- [StockHub-Spring] [           main] com.zaxxer.hikari.HikariDataSource       : HikariPool-1 - Starting...
2026-06-28T23:05:54.721-03:00  INFO 23444 --- [StockHub-Spring] [           main] com.zaxxer.hikari.pool.HikariPool        : HikariPool-1 - Added connection org.postgresql.jdbc.PgConnection@141b011a
2026-06-28T23:05:54.723-03:00  INFO 23444 --- [StockHub-Spring] [           main] com.zaxxer.hikari.HikariDataSource       : HikariPool-1 - Start completed.
2026-06-28T23:05:54.777-03:00  INFO 23444 --- [StockHub-Spring] [           main] org.hibernate.orm.connections.pooling    : HHH10001005: Database info:
	Database JDBC URL [jdbc:postgresql://localhost:5432/poow1]
	Database driver: PostgreSQL JDBC Driver
	Database dialect: PostgreSQLDialect
	Database version: 18.3
	Default catalog/schema: poow1/public
	Autocommit mode: undefined/unknown
	Isolation level: READ_COMMITTED [default READ_COMMITTED]
	JDBC fetch size: none
	Pool: DataSourceConnectionProvider
	Minimum pool size: undefined/unknown
	Maximum pool size: undefined/unknown
2026-06-28T23:05:55.526-03:00  INFO 23444 --- [StockHub-Spring] [           main] org.hibernate.orm.core                   : HHH000489: No JTA platform available (set 'hibernate.transaction.jta.platform' to enable JTA platform integration)
2026-06-28T23:05:55.595-03:00  INFO 23444 --- [StockHub-Spring] [           main] j.LocalContainerEntityManagerFactoryBean : Initialized JPA EntityManagerFactory for persistence unit 'default'
2026-06-28T23:05:55.650-03:00  INFO 23444 --- [StockHub-Spring] [           main] o.s.d.j.r.query.QueryEnhancerFactories   : Hibernate is in classpath; If applicable, HQL parser will be used.
2026-06-28T23:05:56.248-03:00  WARN 23444 --- [StockHub-Spring] [           main] JpaBaseConfiguration$JpaWebConfiguration : spring.jpa.open-in-view is enabled by default. Therefore, database queries may be performed during view rendering. Explicitly configure spring.jpa.open-in-view to disable this warning
2026-06-28T23:05:56.355-03:00 DEBUG 23444 --- [StockHub-Spring] [           main] s.w.s.m.m.a.RequestMappingHandlerMapping : 24 mappings in 'requestMappingHandlerMapping'
2026-06-28T23:05:56.371-03:00 DEBUG 23444 --- [StockHub-Spring] [           main] o.s.w.s.handler.SimpleUrlHandlerMapping  : Patterns [/webjars/**, /**] in 'resourceHandlerMapping'
2026-06-28T23:05:56.387-03:00 DEBUG 23444 --- [StockHub-Spring] [           main] s.w.s.m.m.a.RequestMappingHandlerAdapter : ControllerAdvice beans: 1 @ModelAttribute, 0 @InitBinder, 2 RequestBodyAdvice, 1 ResponseBodyAdvice
2026-06-28T23:05:56.419-03:00 DEBUG 23444 --- [StockHub-Spring] [           main] .m.m.a.ExceptionHandlerExceptionResolver : ControllerAdvice beans: 0 @ExceptionHandler, 1 ResponseBodyAdvice
2026-06-28T23:05:56.489-03:00  INFO 23444 --- [StockHub-Spring] [           main] o.s.boot.tomcat.TomcatWebServer          : Tomcat started on port 8080 (http) with context path '/'
2026-06-28T23:05:56.494-03:00 DEBUG 23444 --- [StockHub-Spring] [           main] .s.b.a.l.ConditionEvaluationReportLogger : 


============================
CONDITIONS EVALUATION REPORT
============================


Positive matches:
-----------------

   AopAutoConfiguration matched:
      - @ConditionalOnBooleanProperty (spring.aop.auto=true) matched (OnPropertyCondition)

   AopAutoConfiguration.AspectJAutoProxyingConfiguration matched:
      - @ConditionalOnClass found required class 'org.aspectj.weaver.Advice' (OnClassCondition)

   AopAutoConfiguration.AspectJAutoProxyingConfiguration.CglibAutoProxyConfiguration matched:
      - @ConditionalOnBooleanProperty (spring.aop.proxy-target-class=true) matched (OnPropertyCondition)

   ApplicationAvailabilityAutoConfiguration#applicationAvailability matched:
      - @ConditionalOnMissingBean (types: org.springframework.boot.availability.ApplicationAvailability; SearchStrategy: all) did not find any beans (OnBeanCondition)

   DataJpaRepositoriesAutoConfiguration matched:
      - @ConditionalOnClass found required class 'org.springframework.data.jpa.repository.JpaRepository' (OnClassCondition)
      - @ConditionalOnBooleanProperty (spring.data.jpa.repositories.enabled=true) matched (OnPropertyCondition)
      - @ConditionalOnBean (types: javax.sql.DataSource; SearchStrategy: all) found bean 'dataSource'; @ConditionalOnMissingBean (types: org.springframework.data.jpa.repository.support.JpaRepositoryFactoryBean,org.springframework.data.jpa.repository.config.JpaRepositoryConfigExtension; SearchStrategy: all) did not find any beans (OnBeanCondition)

   DataSourceAutoConfiguration matched:
      - @ConditionalOnClass found required classes 'javax.sql.DataSource', 'org.springframework.jdbc.datasource.embedded.EmbeddedDatabaseType' (OnClassCondition)
      - @ConditionalOnMissingBean (types: io.r2dbc.spi.ConnectionFactory; SearchStrategy: all) did not find any beans (OnBeanCondition)

   DataSourceAutoConfiguration.PooledDataSourceConfiguration matched:
      - AnyNestedCondition 1 matched 1 did not; NestedCondition on DataSourceAutoConfiguration.PooledDataSourceCondition.PooledDataSourceAvailable PooledDataSource found supported DataSource; NestedCondition on DataSourceAutoConfiguration.PooledDataSourceCondition.ExplicitType @ConditionalOnProperty (spring.datasource.type) did not find property 'spring.datasource.type' (DataSourceAutoConfiguration.PooledDataSourceCondition)
      - @ConditionalOnMissingBean (types: javax.sql.DataSource,javax.sql.XADataSource; SearchStrategy: all) did not find any beans (OnBeanCondition)

   DataSourceAutoConfiguration.PooledDataSourceConfiguration#jdbcConnectionDetails matched:
      - @ConditionalOnMissingBean (types: org.springframework.boot.jdbc.autoconfigure.JdbcConnectionDetails; SearchStrategy: all) did not find any beans (OnBeanCondition)

   DataSourceConfiguration.Hikari matched:
      - @ConditionalOnClass found required class 'com.zaxxer.hikari.HikariDataSource' (OnClassCondition)
      - @ConditionalOnProperty (spring.datasource.type=com.zaxxer.hikari.HikariDataSource) matched (OnPropertyCondition)
      - @ConditionalOnMissingBean (types: javax.sql.DataSource; SearchStrategy: all) did not find any beans (OnBeanCondition)

   DataSourceInitializationAutoConfiguration matched:
      - @ConditionalOnClass found required class 'org.springframework.jdbc.datasource.init.DatabasePopulator' (OnClassCondition)
      - SQL InitializationDatabase Initialization default value is EMBEDDED (OnSqlInitializationCondition)
      - @ConditionalOnSingleCandidate (types: javax.sql.DataSource; SearchStrategy: all) found a single bean 'dataSource'; @ConditionalOnMissingBean (types: org.springframework.boot.sql.autoconfigure.init.ApplicationScriptDatabaseInitializer; SearchStrategy: all) did not find any beans (OnBeanCondition)

   DataSourcePoolMetadataProvidersConfiguration.HikariPoolDataSourceMetadataProviderConfiguration matched:
      - @ConditionalOnClass found required class 'com.zaxxer.hikari.HikariDataSource' (OnClassCondition)

   DataSourceTransactionManagerAutoConfiguration matched:
      - @ConditionalOnClass found required classes 'javax.sql.DataSource', 'org.springframework.jdbc.core.JdbcTemplate', 'org.springframework.transaction.TransactionManager' (OnClassCondition)

   DataSourceTransactionManagerAutoConfiguration.JdbcTransactionManagerConfiguration matched:
      - @ConditionalOnSingleCandidate (types: javax.sql.DataSource; SearchStrategy: all) found a single bean 'dataSource' (OnBeanCondition)

   DataWebAutoConfiguration matched:
      - @ConditionalOnClass found required classes 'org.springframework.data.web.PageableHandlerMethodArgumentResolver', 'org.springframework.web.servlet.config.annotation.WebMvcConfigurer' (OnClassCondition)
      - found 'session' scope (OnWebApplicationCondition)
      - @ConditionalOnMissingBean (types: org.springframework.data.web.PageableHandlerMethodArgumentResolver; SearchStrategy: all) did not find any beans (OnBeanCondition)

   DataWebAutoConfiguration#pageableCustomizer matched:
      - @ConditionalOnMissingBean (types: org.springframework.data.web.config.PageableHandlerMethodArgumentResolverCustomizer; SearchStrategy: all) did not find any beans (OnBeanCondition)

   DataWebAutoConfiguration#sortCustomizer matched:
      - @ConditionalOnMissingBean (types: org.springframework.data.web.config.SortHandlerMethodArgumentResolverCustomizer; SearchStrategy: all) did not find any beans (OnBeanCondition)

   DataWebAutoConfiguration#springDataWebSettings matched:
      - @ConditionalOnMissingBean (types: org.springframework.data.web.config.SpringDataWebSettings; SearchStrategy: all) did not find any beans (OnBeanCondition)

   DispatcherServletAutoConfiguration matched:
      - @ConditionalOnClass found required class 'org.springframework.web.servlet.DispatcherServlet' (OnClassCondition)
      - found 'session' scope (OnWebApplicationCondition)

   DispatcherServletAutoConfiguration.DispatcherServletConfiguration matched:
      - @ConditionalOnClass found required class 'jakarta.servlet.ServletRegistration' (OnClassCondition)
      - Default DispatcherServlet did not find dispatcher servlet beans (DispatcherServletAutoConfiguration.DefaultDispatcherServletCondition)

   DispatcherServletAutoConfiguration.DispatcherServletRegistrationConfiguration matched:
      - @ConditionalOnClass found required class 'jakarta.servlet.ServletRegistration' (OnClassCondition)
      - DispatcherServlet Registration did not find servlet registration bean (DispatcherServletAutoConfiguration.DispatcherServletRegistrationCondition)

   DispatcherServletAutoConfiguration.DispatcherServletRegistrationConfiguration#dispatcherServletRegistration matched:
      - @ConditionalOnBean (names: dispatcherServlet types: org.springframework.web.servlet.DispatcherServlet; SearchStrategy: all) found bean 'dispatcherServlet' (OnBeanCondition)

   ErrorMvcAutoConfiguration matched:
      - @ConditionalOnClass found required classes 'jakarta.servlet.Servlet', 'org.springframework.web.servlet.DispatcherServlet' (OnClassCondition)
      - found 'session' scope (OnWebApplicationCondition)

   ErrorMvcAutoConfiguration#basicErrorController matched:
      - @ConditionalOnMissingBean (types: org.springframework.boot.webmvc.error.ErrorController; SearchStrategy: current) did not find any beans (OnBeanCondition)

   ErrorMvcAutoConfiguration#errorAttributes matched:
      - @ConditionalOnMissingBean (types: org.springframework.boot.webmvc.error.ErrorAttributes; SearchStrategy: current) did not find any beans (OnBeanCondition)

   ErrorMvcAutoConfiguration.DefaultErrorViewResolverConfiguration#conventionErrorViewResolver matched:
      - @ConditionalOnBean (types: org.springframework.web.servlet.DispatcherServlet; SearchStrategy: all) found bean 'dispatcherServlet'; @ConditionalOnMissingBean (types: org.springframework.boot.webmvc.autoconfigure.error.ErrorViewResolver; SearchStrategy: all) did not find any beans (OnBeanCondition)

   ErrorMvcAutoConfiguration.WhitelabelErrorViewConfiguration matched:
      - @ConditionalOnBooleanProperty (spring.web.error.whitelabel.enabled=true) matched (OnPropertyCondition)
      - ErrorTemplate Missing did not find error template view (ErrorMvcAutoConfiguration.ErrorTemplateMissingCondition)

   ErrorMvcAutoConfiguration.WhitelabelErrorViewConfiguration#beanNameViewResolver matched:
      - @ConditionalOnMissingBean (types: org.springframework.web.servlet.view.BeanNameViewResolver; SearchStrategy: all) did not find any beans (OnBeanCondition)

   ErrorMvcAutoConfiguration.WhitelabelErrorViewConfiguration#defaultErrorView matched:
      - @ConditionalOnMissingBean (names: error; SearchStrategy: all) did not find any beans (OnBeanCondition)

   HibernateJpaAutoConfiguration matched:
      - @ConditionalOnClass found required classes 'org.springframework.orm.jpa.LocalContainerEntityManagerFactoryBean', 'jakarta.persistence.EntityManager', 'org.hibernate.engine.spi.SessionImplementor' (OnClassCondition)

   HibernateJpaConfiguration matched:
      - @ConditionalOnSingleCandidate (types: javax.sql.DataSource; SearchStrategy: all) found a single bean 'dataSource' (OnBeanCondition)

   HttpEncodingAutoConfiguration matched:
      - @ConditionalOnClass found required class 'org.springframework.web.filter.CharacterEncodingFilter' (OnClassCondition)
      - found 'session' scope (OnWebApplicationCondition)
      - @ConditionalOnBooleanProperty (spring.servlet.encoding.enabled=true) matched (OnPropertyCondition)

   HttpEncodingAutoConfiguration#characterEncodingFilter matched:
      - @ConditionalOnMissingBean (types: org.springframework.web.filter.CharacterEncodingFilter; SearchStrategy: all) did not find any beans (OnBeanCondition)

   HttpMessageConvertersAutoConfiguration matched:
      - @ConditionalOnClass found required class 'org.springframework.http.converter.HttpMessageConverter' (OnClassCondition)
      - NoneNestedConditions 0 matched 1 did not; NestedCondition on HttpMessageConvertersAutoConfiguration.NotReactiveWebApplicationCondition.ReactiveWebApplication did not find reactive web application classes (HttpMessageConvertersAutoConfiguration.NotReactiveWebApplicationCondition)

   HttpMessageConvertersAutoConfiguration.StringHttpMessageConverterConfiguration#stringHttpMessageConvertersCustomizer matched:
      - @ConditionalOnMissingBean (types: org.springframework.http.converter.StringHttpMessageConverter; SearchStrategy: all) did not find any beans (OnBeanCondition)

   JacksonAutoConfiguration matched:
      - @ConditionalOnClass found required class 'tools.jackson.databind.json.JsonMapper' (OnClassCondition)

   JacksonAutoConfiguration#jacksonJsonMapper matched:
      - @ConditionalOnMissingBean (types: tools.jackson.databind.json.JsonMapper; SearchStrategy: all) did not find any beans (OnBeanCondition)

   JacksonAutoConfiguration#jsonFactory matched:
      - @ConditionalOnMissingBean (types: tools.jackson.core.json.JsonFactory; SearchStrategy: all) did not find any beans (OnBeanCondition)

   JacksonAutoConfiguration#jsonMapperBuilder matched:
      - @ConditionalOnMissingBean (types: tools.jackson.databind.json.JsonMapper$Builder; SearchStrategy: all) did not find any beans (OnBeanCondition)

   JacksonAutoConfiguration.JsonProblemDetailsConfiguration matched:
      - @ConditionalOnClass found required class 'org.springframework.http.ProblemDetail' (OnClassCondition)

   JacksonHttpMessageConvertersConfiguration.JacksonJsonHttpMessageConverterConfiguration matched:
      - @ConditionalOnClass found required class 'tools.jackson.databind.json.JsonMapper' (OnClassCondition)
      - @ConditionalOnProperty (spring.http.converters.preferred-json-mapper=jackson) matched (OnPropertyCondition)
      - @ConditionalOnBean (types: tools.jackson.databind.json.JsonMapper; SearchStrategy: all) found bean 'jacksonJsonMapper' (OnBeanCondition)

   JacksonHttpMessageConvertersConfiguration.JacksonJsonHttpMessageConverterConfiguration#jacksonJsonHttpMessageConvertersCustomizer matched:
      - @ConditionalOnMissingBean (types: org.springframework.http.converter.json.JacksonJsonHttpMessageConverter ignored: org.springframework.hateoas.server.mvc.TypeConstrainedJacksonJsonHttpMessageConverter,org.springframework.data.rest.webmvc.alps.AlpsJacksonJsonHttpMessageConverter; SearchStrategy: all) did not find any beans (OnBeanCondition)

   JdbcClientAutoConfiguration matched:
      - @ConditionalOnSingleCandidate (types: org.springframework.jdbc.core.namedparam.NamedParameterJdbcTemplate; SearchStrategy: all) found a single bean 'namedParameterJdbcTemplate'; @ConditionalOnMissingBean (types: org.springframework.jdbc.core.simple.JdbcClient; SearchStrategy: all) did not find any beans (OnBeanCondition)

   JdbcTemplateAutoConfiguration matched:
      - @ConditionalOnClass found required classes 'javax.sql.DataSource', 'org.springframework.jdbc.core.JdbcTemplate' (OnClassCondition)
      - @ConditionalOnSingleCandidate (types: javax.sql.DataSource; SearchStrategy: all) found a single bean 'dataSource' (OnBeanCondition)

   JdbcTemplateConfiguration matched:
      - @ConditionalOnMissingBean (types: org.springframework.jdbc.core.JdbcOperations; SearchStrategy: all) did not find any beans (OnBeanCondition)

   JpaBaseConfiguration#entityManagerFactory matched:
      - @ConditionalOnMissingBean (types: org.springframework.orm.jpa.LocalContainerEntityManagerFactoryBean,jakarta.persistence.EntityManagerFactory; SearchStrategy: all) did not find any beans (OnBeanCondition)

   JpaBaseConfiguration#entityManagerFactoryBuilder matched:
      - @ConditionalOnMissingBean (types: org.springframework.boot.jpa.EntityManagerFactoryBuilder; SearchStrategy: all) did not find any beans (OnBeanCondition)

   JpaBaseConfiguration#jpaVendorAdapter matched:
      - @ConditionalOnMissingBean (types: org.springframework.orm.jpa.JpaVendorAdapter; SearchStrategy: all) did not find any beans (OnBeanCondition)

   JpaBaseConfiguration#transactionManager matched:
      - @ConditionalOnMissingBean (types: org.springframework.transaction.TransactionManager; SearchStrategy: all) did not find any beans (OnBeanCondition)

   JpaBaseConfiguration.JpaWebConfiguration matched:
      - @ConditionalOnClass found required class 'org.springframework.web.servlet.config.annotation.WebMvcConfigurer' (OnClassCondition)
      - found 'session' scope (OnWebApplicationCondition)
      - @ConditionalOnBooleanProperty (spring.jpa.open-in-view=true) matched (OnPropertyCondition)
      - @ConditionalOnMissingBean (types: org.springframework.orm.jpa.support.OpenEntityManagerInViewInterceptor,org.springframework.orm.jpa.support.OpenEntityManagerInViewFilter; SearchStrategy: all) did not find any beans (OnBeanCondition)

   JpaBaseConfiguration.PersistenceManagedTypesConfiguration matched:
      - @ConditionalOnMissingBean (types: org.springframework.orm.jpa.LocalContainerEntityManagerFactoryBean,jakarta.persistence.EntityManagerFactory; SearchStrategy: all) did not find any beans (OnBeanCondition)

   JpaBaseConfiguration.PersistenceManagedTypesConfiguration#persistenceManagedTypes matched:
      - @ConditionalOnMissingBean (types: org.springframework.orm.jpa.persistenceunit.PersistenceManagedTypes; SearchStrategy: all) did not find any beans (OnBeanCondition)

   JtaAutoConfiguration matched:
      - @ConditionalOnClass found required class 'jakarta.transaction.Transaction' (OnClassCondition)
      - @ConditionalOnBooleanProperty (spring.jta.enabled=true) matched (OnPropertyCondition)

   LifecycleAutoConfiguration#defaultLifecycleProcessor matched:
      - @ConditionalOnMissingBean (names: lifecycleProcessor; SearchStrategy: current) did not find any beans (OnBeanCondition)

   MultipartAutoConfiguration matched:
      - @ConditionalOnClass found required classes 'jakarta.servlet.Servlet', 'org.springframework.web.multipart.support.StandardServletMultipartResolver', 'jakarta.servlet.MultipartConfigElement' (OnClassCondition)
      - found 'session' scope (OnWebApplicationCondition)
      - @ConditionalOnBooleanProperty (spring.servlet.multipart.enabled=true) matched (OnPropertyCondition)

   MultipartAutoConfiguration#multipartConfigElement matched:
      - @ConditionalOnMissingBean (types: jakarta.servlet.MultipartConfigElement; SearchStrategy: all) did not find any beans (OnBeanCondition)

   MultipartAutoConfiguration#multipartResolver matched:
      - @ConditionalOnMissingBean (types: org.springframework.web.multipart.MultipartResolver; SearchStrategy: all) did not find any beans (OnBeanCondition)

   NamedParameterJdbcTemplateConfiguration matched:
      - @ConditionalOnSingleCandidate (types: org.springframework.jdbc.core.JdbcTemplate; SearchStrategy: all) found a single bean 'jdbcTemplate'; @ConditionalOnMissingBean (types: org.springframework.jdbc.core.namedparam.NamedParameterJdbcOperations; SearchStrategy: all) did not find any beans (OnBeanCondition)

   PersistenceExceptionTranslationAutoConfiguration matched:
      - @ConditionalOnClass found required class 'org.springframework.dao.annotation.PersistenceExceptionTranslationPostProcessor' (OnClassCondition)

   PersistenceExceptionTranslationAutoConfiguration#persistenceExceptionTranslationPostProcessor matched:
      - @ConditionalOnBooleanProperty (spring.persistence.exceptiontranslation.enabled=true) matched (OnPropertyCondition)
      - @ConditionalOnMissingBean (types: org.springframework.dao.annotation.PersistenceExceptionTranslationPostProcessor; SearchStrategy: all) did not find any beans (OnBeanCondition)

   PropertyPlaceholderAutoConfiguration#propertySourcesPlaceholderConfigurer matched:
      - @ConditionalOnMissingBean (types: org.springframework.context.support.PropertySourcesPlaceholderConfigurer; SearchStrategy: current) did not find any beans (OnBeanCondition)

   SslAutoConfiguration#sslBundleRegistry matched:
      - @ConditionalOnMissingBean (types: org.springframework.boot.ssl.SslBundleRegistry,org.springframework.boot.ssl.SslBundles; SearchStrategy: all) did not find any beans (OnBeanCondition)

   TaskExecutionAutoConfiguration matched:
      - @ConditionalOnClass found required class 'org.springframework.scheduling.concurrent.ThreadPoolTaskExecutor' (OnClassCondition)

   TaskExecutorConfigurations.AsyncConfigurerConfiguration matched:
      - @ConditionalOnMissingBean (types: org.springframework.scheduling.annotation.AsyncConfigurer; SearchStrategy: all) did not find any beans (OnBeanCondition)

   TaskExecutorConfigurations.SimpleAsyncTaskExecutorBuilderConfiguration#simpleAsyncTaskExecutorBuilder matched:
      - @ConditionalOnMissingBean (types: org.springframework.boot.task.SimpleAsyncTaskExecutorBuilder; SearchStrategy: all) did not find any beans (OnBeanCondition)
      - @ConditionalOnThreading found PLATFORM (OnThreadingCondition)

   TaskExecutorConfigurations.TaskExecutorConfiguration matched:
      - AnyNestedCondition 1 matched 1 did not; NestedCondition on TaskExecutorConfigurations.OnExecutorCondition.ModelCondition @ConditionalOnProperty (spring.task.execution.mode=force) did not find property 'spring.task.execution.mode'; NestedCondition on TaskExecutorConfigurations.OnExecutorCondition.ExecutorBeanCondition @ConditionalOnMissingBean (types: java.util.concurrent.Executor; SearchStrategy: all) did not find any beans (TaskExecutorConfigurations.OnExecutorCondition)

   TaskExecutorConfigurations.TaskExecutorConfiguration#applicationTaskExecutor matched:
      - @ConditionalOnThreading found PLATFORM (OnThreadingCondition)

   TaskExecutorConfigurations.ThreadPoolTaskExecutorBuilderConfiguration#threadPoolTaskExecutorBuilder matched:
      - @ConditionalOnMissingBean (types: org.springframework.boot.task.ThreadPoolTaskExecutorBuilder; SearchStrategy: all) did not find any beans (OnBeanCondition)

   TaskSchedulingAutoConfiguration matched:
      - @ConditionalOnClass found required class 'org.springframework.scheduling.concurrent.ThreadPoolTaskScheduler' (OnClassCondition)

   TaskSchedulingConfigurations.SimpleAsyncTaskSchedulerBuilderConfiguration#simpleAsyncTaskSchedulerBuilder matched:
      - @ConditionalOnMissingBean (types: org.springframework.boot.task.SimpleAsyncTaskSchedulerBuilder; SearchStrategy: all) did not find any beans (OnBeanCondition)
      - @ConditionalOnThreading found PLATFORM (OnThreadingCondition)

   TaskSchedulingConfigurations.ThreadPoolTaskSchedulerBuilderConfiguration#threadPoolTaskSchedulerBuilder matched:
      - @ConditionalOnMissingBean (types: org.springframework.boot.task.ThreadPoolTaskSchedulerBuilder; SearchStrategy: all) did not find any beans (OnBeanCondition)

   TomcatServletWebServerAutoConfiguration matched:
      - @ConditionalOnClass found required classes 'jakarta.servlet.ServletRequest', 'org.apache.catalina.startup.Tomcat', 'org.apache.coyote.UpgradeProtocol', 'org.springframework.boot.tomcat.servlet.TomcatServletWebServerFactory' (OnClassCondition)
      - found 'session' scope (OnWebApplicationCondition)

   TomcatServletWebServerAutoConfiguration#tomcatServletWebServerFactory matched:
      - @ConditionalOnMissingBean (types: org.springframework.boot.web.server.servlet.ServletWebServerFactory; SearchStrategy: current) did not find any beans (OnBeanCondition)

   TomcatWebServerConfiguration matched:
      - @ConditionalOnWarDeployment the application is not deployed as a WAR file. (OnWarDeploymentCondition)

   TomcatWebServerConfiguration.TomcatWebSocketConfiguration matched:
      - @ConditionalOnClass found required class 'org.apache.tomcat.websocket.server.WsSci' (OnClassCondition)

   TransactionAutoConfiguration matched:
      - @ConditionalOnClass found required class 'org.springframework.transaction.PlatformTransactionManager' (OnClassCondition)

   TransactionAutoConfiguration.EnableTransactionManagementConfiguration matched:
      - @ConditionalOnBean (types: org.springframework.transaction.TransactionManager; SearchStrategy: all) found bean 'transactionManager'; @ConditionalOnMissingBean (types: org.springframework.transaction.annotation.AbstractTransactionManagementConfiguration; SearchStrategy: all) did not find any beans (OnBeanCondition)

   TransactionAutoConfiguration.EnableTransactionManagementConfiguration.CglibAutoProxyConfiguration matched:
      - @ConditionalOnBooleanProperty (spring.aop.proxy-target-class=true) matched (OnPropertyCondition)

   TransactionAutoConfiguration.TransactionTemplateConfiguration matched:
      - @ConditionalOnSingleCandidate (types: org.springframework.transaction.PlatformTransactionManager; SearchStrategy: all) found a single bean 'transactionManager' (OnBeanCondition)

   TransactionAutoConfiguration.TransactionTemplateConfiguration#transactionTemplate matched:
      - @ConditionalOnMissingBean (types: org.springframework.transaction.support.TransactionOperations; SearchStrategy: all) did not find any beans (OnBeanCondition)

   TransactionManagerCustomizationAutoConfiguration matched:
      - @ConditionalOnClass found required class 'org.springframework.transaction.PlatformTransactionManager' (OnClassCondition)

   TransactionManagerCustomizationAutoConfiguration#platformTransactionManagerCustomizers matched:
      - @ConditionalOnMissingBean (types: org.springframework.boot.transaction.autoconfigure.TransactionManagerCustomizers; SearchStrategy: all) did not find any beans (OnBeanCondition)

   ValidationAutoConfiguration matched:
      - @ConditionalOnClass found required class 'jakarta.validation.executable.ExecutableValidator' (OnClassCondition)
      - @ConditionalOnResource found location classpath:META-INF/services/jakarta.validation.spi.ValidationProvider (OnResourceCondition)

   ValidationAutoConfiguration#defaultValidator matched:
      - @ConditionalOnMissingBean (types: jakarta.validation.Validator; SearchStrategy: all) did not find any beans (OnBeanCondition)

   ValidationAutoConfiguration#methodValidationPostProcessor matched:
      - @ConditionalOnMissingBean (types: org.springframework.validation.beanvalidation.MethodValidationPostProcessor; SearchStrategy: current) did not find any beans (OnBeanCondition)

   WebMvcAutoConfiguration matched:
      - @ConditionalOnClass found required classes 'jakarta.servlet.Servlet', 'org.springframework.web.servlet.DispatcherServlet', 'org.springframework.web.servlet.config.annotation.WebMvcConfigurer' (OnClassCondition)
      - found 'session' scope (OnWebApplicationCondition)
      - @ConditionalOnMissingBean (types: org.springframework.web.servlet.config.annotation.WebMvcConfigurationSupport; SearchStrategy: all) did not find any beans (OnBeanCondition)

   WebMvcAutoConfiguration#formContentFilter matched:
      - @ConditionalOnBooleanProperty (spring.mvc.formcontent.filter.enabled=true) matched (OnPropertyCondition)
      - @ConditionalOnMissingBean (types: org.springframework.web.filter.FormContentFilter; SearchStrategy: all) did not find any beans (OnBeanCondition)

   WebMvcAutoConfiguration.EnableWebMvcConfiguration#flashMapManager matched:
      - @ConditionalOnMissingBean (names: flashMapManager; SearchStrategy: all) did not find any beans (OnBeanCondition)

   WebMvcAutoConfiguration.EnableWebMvcConfiguration#localeResolver matched:
      - @ConditionalOnMissingBean (names: localeResolver; SearchStrategy: all) did not find any beans (OnBeanCondition)

   WebMvcAutoConfiguration.EnableWebMvcConfiguration#viewNameTranslator matched:
      - @ConditionalOnMissingBean (names: viewNameTranslator; SearchStrategy: all) did not find any beans (OnBeanCondition)

   WebMvcAutoConfiguration.WebMvcAutoConfigurationAdapter#defaultViewResolver matched:
      - @ConditionalOnMissingBean (types: org.springframework.web.servlet.view.InternalResourceViewResolver; SearchStrategy: all) did not find any beans (OnBeanCondition)

   WebMvcAutoConfiguration.WebMvcAutoConfigurationAdapter#requestContextFilter matched:
      - @ConditionalOnMissingBean (types: org.springframework.web.context.request.RequestContextListener,org.springframework.web.filter.RequestContextFilter; SearchStrategy: all) did not find any beans (OnBeanCondition)

   WebMvcAutoConfiguration.WebMvcAutoConfigurationAdapter#viewResolver matched:
      - @ConditionalOnBean (types: org.springframework.web.servlet.ViewResolver; SearchStrategy: all) found beans 'defaultViewResolver', 'beanNameViewResolver', 'mvcViewResolver'; @ConditionalOnMissingBean (names: viewResolver types: org.springframework.web.servlet.view.ContentNegotiatingViewResolver; SearchStrategy: all) did not find any beans (OnBeanCondition)


Negative matches:
-----------------

   AopAutoConfiguration.AspectJAutoProxyingConfiguration.JdkDynamicAutoProxyConfiguration:
      Did not match:
         - @ConditionalOnBooleanProperty (spring.aop.proxy-target-class=false) did not find property 'spring.aop.proxy-target-class' (OnPropertyCondition)

   AopAutoConfiguration.ClassProxyingConfiguration:
      Did not match:
         - @ConditionalOnMissingClass found unwanted class 'org.aspectj.weaver.Advice' (OnClassCondition)

   DataJpaRepositoriesAutoConfiguration#entityManagerFactoryBootstrapExecutorCustomizer:
      Did not match:
         - @ConditionalOnProperty (spring.data.jpa.repositories.bootstrap-mode=deferred) did not find property 'spring.data.jpa.repositories.bootstrap-mode' (OnPropertyCondition)

   DataRepositoryMetricsAutoConfiguration:
      Did not match:
         - @ConditionalOnBean did not find required type 'io.micrometer.core.instrument.MeterRegistry' (OnBeanCondition)

   DataSourceAutoConfiguration.EmbeddedDatabaseConfiguration:
      Did not match:
         - EmbeddedDataSource spring.datasource.url is set (DataSourceAutoConfiguration.EmbeddedDatabaseCondition)

   DataSourceCheckpointRestoreConfiguration:
      Did not match:
         - @ConditionalOnClass did not find required class 'org.crac.Resource' (OnClassCondition)

   DataSourceConfiguration.Dbcp2:
      Did not match:
         - @ConditionalOnClass did not find required class 'org.apache.commons.dbcp2.BasicDataSource' (OnClassCondition)

   DataSourceConfiguration.Generic:
      Did not match:
         - @ConditionalOnProperty (spring.datasource.type) did not find property 'spring.datasource.type' (OnPropertyCondition)

   DataSourceConfiguration.OracleUcp:
      Did not match:
         - @ConditionalOnClass did not find required classes 'oracle.ucp.jdbc.PoolDataSourceImpl', 'oracle.jdbc.OracleConnection' (OnClassCondition)

   DataSourceConfiguration.Tomcat:
      Did not match:
         - @ConditionalOnClass did not find required class 'org.apache.tomcat.jdbc.pool.DataSource' (OnClassCondition)

   DataSourceHealthContributorAutoConfiguration:
      Did not match:
         - @ConditionalOnClass did not find required class 'org.springframework.boot.health.autoconfigure.contributor.ConditionalOnEnabledHealthIndicator' (OnClassCondition)

   DataSourceJmxConfiguration:
      Did not match:
         - @ConditionalOnBooleanProperty (spring.jmx.enabled=true) did not find property 'spring.jmx.enabled' (OnPropertyCondition)

   DataSourcePoolMetadataProvidersConfiguration.CommonsDbcp2PoolDataSourceMetadataProviderConfiguration:
      Did not match:
         - @ConditionalOnClass did not find required class 'org.apache.commons.dbcp2.BasicDataSource' (OnClassCondition)

   DataSourcePoolMetadataProvidersConfiguration.OracleUcpPoolDataSourceMetadataProviderConfiguration:
      Did not match:
         - @ConditionalOnClass did not find required classes 'oracle.ucp.jdbc.PoolDataSource', 'oracle.jdbc.OracleConnection' (OnClassCondition)

   DataSourcePoolMetadataProvidersConfiguration.TomcatDataSourcePoolMetadataProviderConfiguration:
      Did not match:
         - @ConditionalOnClass did not find required class 'org.apache.tomcat.jdbc.pool.DataSource' (OnClassCondition)

   DataSourcePoolMetricsAutoConfiguration:
      Did not match:
         - @ConditionalOnClass did not find required class 'io.micrometer.core.instrument.MeterRegistry' (OnClassCondition)

   DataSourceTransactionManagerAutoConfiguration.JdbcTransactionManagerConfiguration#transactionManager:
      Did not match:
         - @ConditionalOnMissingBean (types: org.springframework.transaction.TransactionManager; SearchStrategy: all) found beans of type 'org.springframework.transaction.TransactionManager' transactionManager (OnBeanCondition)

   DispatcherServletAutoConfiguration.DispatcherServletConfiguration#multipartResolver:
      Did not match:
         - @ConditionalOnBean (types: org.springframework.web.multipart.MultipartResolver; SearchStrategy: all) did not find any beans of type org.springframework.web.multipart.MultipartResolver (OnBeanCondition)

   GsonHttpMessageConvertersConfiguration:
      Did not match:
         - @ConditionalOnClass did not find required class 'com.google.gson.Gson' (OnClassCondition)

   HibernateMetricsAutoConfiguration:
      Did not match:
         - @ConditionalOnClass did not find required class 'io.micrometer.core.instrument.MeterRegistry' (OnClassCondition)

   Jackson2HttpMessageConvertersConfiguration.MappingJackson2HttpMessageConverterConfiguration:
      Did not match:
         - @ConditionalOnClass did not find required class 'com.fasterxml.jackson.databind.ObjectMapper' (OnClassCondition)

   Jackson2HttpMessageConvertersConfiguration.MappingJackson2XmlHttpMessageConverterConfiguration:
      Did not match:
         - @ConditionalOnClass did not find required class 'com.fasterxml.jackson.dataformat.xml.XmlMapper' (OnClassCondition)

   JacksonAutoConfiguration.CborConfiguration:
      Did not match:
         - @ConditionalOnClass did not find required class 'tools.jackson.dataformat.cbor.CBORMapper' (OnClassCondition)

   JacksonAutoConfiguration.XmlConfiguration:
      Did not match:
         - @ConditionalOnClass did not find required class 'tools.jackson.dataformat.xml.XmlMapper' (OnClassCondition)

   JacksonHttpMessageConvertersConfiguration.JacksonXmlHttpMessageConverterConfiguration:
      Did not match:
         - @ConditionalOnClass did not find required class 'tools.jackson.dataformat.xml.XmlMapper' (OnClassCondition)

   JmxAutoConfiguration:
      Did not match:
         - @ConditionalOnBooleanProperty (spring.jmx.enabled=true) did not find property 'spring.jmx.enabled' (OnPropertyCondition)
      Matched:
         - @ConditionalOnClass found required class 'org.springframework.jmx.export.MBeanExporter' (OnClassCondition)

   JndiDataSourceAutoConfiguration:
      Did not match:
         - @ConditionalOnProperty (spring.datasource.jndi-name) did not find property 'spring.datasource.jndi-name' (OnPropertyCondition)
      Matched:
         - @ConditionalOnClass found required classes 'javax.sql.DataSource', 'org.springframework.jdbc.datasource.embedded.EmbeddedDatabaseType' (OnClassCondition)

   JndiJtaConfiguration:
      Did not match:
         - @ConditionalOnJndi JNDI environment is not available (OnJndiCondition)
      Matched:
         - @ConditionalOnClass found required class 'org.springframework.transaction.jta.JtaTransactionManager' (OnClassCondition)

   JsonbHttpMessageConvertersConfiguration:
      Did not match:
         - @ConditionalOnClass did not find required class 'jakarta.json.bind.Jsonb' (OnClassCondition)

   KotlinSerializationHttpMessageConvertersConfiguration:
      Did not match:
         - @ConditionalOnClass did not find required classes 'kotlinx.serialization.Serializable', 'kotlinx.serialization.json.Json' (OnClassCondition)

   LazyConnectionDataSourceConfiguration:
      Did not match:
         - @ConditionalOnProperty (spring.datasource.connection-fetch=lazy) did not find property 'spring.datasource.connection-fetch' (OnPropertyCondition)

   MessageSourceAutoConfiguration:
      Did not match:
         - ResourceBundle did not find bundle with basename messages (MessageSourceAutoConfiguration.ResourceBundleCondition)

   ProjectInfoAutoConfiguration#buildProperties:
      Did not match:
         - @ConditionalOnResource did not find resource '${spring.info.build.location:classpath:META-INF/build-info.properties}' (OnResourceCondition)

   ProjectInfoAutoConfiguration#gitProperties:
      Did not match:
         - GitResource did not find git info at classpath:git.properties (ProjectInfoAutoConfiguration.GitResourceAvailableCondition)

   ServletHttpExchangesAutoConfiguration:
      Did not match:
         - @ConditionalOnBean did not find required type 'org.springframework.boot.actuate.web.exchanges.HttpExchangeRepository' (OnBeanCondition)

   ServletManagementContextAutoConfiguration:
      Did not match:
         - @ConditionalOnClass did not find required class 'org.springframework.boot.actuate.autoconfigure.endpoint.web.WebEndpointProperties' (OnClassCondition)

   ServletMappingsAutoConfiguration:
      Did not match:
         - @ConditionalOnClass did not find required class 'org.springframework.boot.actuate.autoconfigure.endpoint.condition.ConditionalOnAvailableEndpoint' (OnClassCondition)

   ServletWebServerConfiguration#forwardedHeaderFilter:
      Did not match:
         - @ConditionalOnProperty (server.forward-headers-strategy=framework) did not find property 'server.forward-headers-strategy' (OnPropertyCondition)

   SpringApplicationAdminJmxAutoConfiguration:
      Did not match:
         - @ConditionalOnBooleanProperty (spring.application.admin.enabled=true) did not find property 'spring.application.admin.enabled' (OnPropertyCondition)

   TaskExecutorConfigurations.AsyncConfigurerWrapperConfiguration:
      Did not match:
         - @ConditionalOnBean (types: org.springframework.scheduling.annotation.AsyncConfigurer; SearchStrategy: all) did not find any beans of type org.springframework.scheduling.annotation.AsyncConfigurer (OnBeanCondition)

   TaskExecutorConfigurations.SimpleAsyncTaskExecutorBuilderConfiguration#simpleAsyncTaskExecutorBuilderVirtualThreads:
      Did not match:
         - @ConditionalOnMissingBean (types: org.springframework.boot.task.SimpleAsyncTaskExecutorBuilder; SearchStrategy: all) found beans of type 'org.springframework.boot.task.SimpleAsyncTaskExecutorBuilder' simpleAsyncTaskExecutorBuilder (OnBeanCondition)

   TaskExecutorConfigurations.TaskExecutorConfiguration#applicationTaskExecutorVirtualThreads:
      Did not match:
         - @ConditionalOnThreading did not find VIRTUAL (OnThreadingCondition)

   TaskExecutorConfigurations.TaskExecutorContextPropagationConfiguration:
      Did not match:
         - @ConditionalOnClass did not find required class 'io.micrometer.context.ContextSnapshot' (OnClassCondition)

   TaskSchedulingAutoConfiguration#scheduledBeanLazyInitializationExcludeFilter:
      Did not match:
         - @ConditionalOnBean (names: org.springframework.scheduling.config.internalScheduledAnnotationProcessor; SearchStrategy: all) did not find any beans named org.springframework.scheduling.config.internalScheduledAnnotationProcessor (OnBeanCondition)

   TaskSchedulingConfigurations.SimpleAsyncTaskSchedulerBuilderConfiguration#simpleAsyncTaskSchedulerBuilderVirtualThreads:
      Did not match:
         - @ConditionalOnMissingBean (types: org.springframework.boot.task.SimpleAsyncTaskSchedulerBuilder; SearchStrategy: all) found beans of type 'org.springframework.boot.task.SimpleAsyncTaskSchedulerBuilder' simpleAsyncTaskSchedulerBuilder (OnBeanCondition)

   TaskSchedulingConfigurations.TaskSchedulerConfiguration:
      Did not match:
         - @ConditionalOnBean (names: org.springframework.scheduling.config.internalScheduledAnnotationProcessor; SearchStrategy: all) did not find any beans named org.springframework.scheduling.config.internalScheduledAnnotationProcessor (OnBeanCondition)

   TomcatMetricsAutoConfiguration:
      Did not match:
         - @ConditionalOnClass did not find required class 'io.micrometer.core.instrument.binder.tomcat.TomcatMetrics' (OnClassCondition)

   TomcatReactiveManagementContextAutoConfiguration:
      Did not match:
         - @ConditionalOnClass did not find required class 'org.springframework.boot.actuate.autoconfigure.web.server.ManagementContextFactory' (OnClassCondition)

   TomcatReactiveWebServerAutoConfiguration:
      Did not match:
         - @ConditionalOnWebApplication did not find reactive web application classes (OnWebApplicationCondition)

   TomcatServletManagementContextAutoConfiguration:
      Did not match:
         - @ConditionalOnClass did not find required class 'org.springframework.boot.actuate.autoconfigure.web.server.ManagementContextFactory' (OnClassCondition)

   TomcatServletWebServerAutoConfiguration#tomcatForwardedHeaderFilterCustomizer:
      Did not match:
         - @ConditionalOnProperty (server.forward-headers-strategy=framework) did not find property 'server.forward-headers-strategy' (OnPropertyCondition)

   TomcatWebServerConfiguration#tomcatVirtualThreadsProtocolHandlerCustomizer:
      Did not match:
         - @ConditionalOnThreading did not find VIRTUAL (OnThreadingCondition)

   TransactionAutoConfiguration#transactionalOperator:
      Did not match:
         - @ConditionalOnSingleCandidate (types: org.springframework.transaction.ReactiveTransactionManager; SearchStrategy: all) did not find any beans (OnBeanCondition)

   TransactionAutoConfiguration.AspectJTransactionManagementConfiguration:
      Did not match:
         - @ConditionalOnBean (types: org.springframework.transaction.aspectj.AbstractTransactionAspect; SearchStrategy: all) did not find any beans of type org.springframework.transaction.aspectj.AbstractTransactionAspect (OnBeanCondition)

   TransactionAutoConfiguration.EnableTransactionManagementConfiguration.JdkDynamicAutoProxyConfiguration:
      Did not match:
         - @ConditionalOnBooleanProperty (spring.aop.proxy-target-class=false) did not find property 'spring.aop.proxy-target-class' (OnPropertyCondition)

   WebMvcAutoConfiguration#hiddenHttpMethodFilter:
      Did not match:
         - @ConditionalOnBooleanProperty (spring.mvc.hiddenmethod.filter.enabled=true) did not find property 'spring.mvc.hiddenmethod.filter.enabled' (OnPropertyCondition)

   WebMvcAutoConfiguration.ProblemDetailsErrorHandlingConfiguration:
      Did not match:
         - @ConditionalOnBooleanProperty (spring.mvc.problemdetails.enabled=true) did not find property 'spring.mvc.problemdetails.enabled' (OnPropertyCondition)

   WebMvcAutoConfiguration.ResourceChainCustomizerConfiguration:
      Did not match:
         - @ConditionalOnEnabledResourceChain did not find class org.webjars.WebJarVersionLocator (OnEnabledResourceChainCondition)

   WebMvcAutoConfiguration.WebMvcAutoConfigurationAdapter#beanNameViewResolver:
      Did not match:
         - @ConditionalOnMissingBean (types: org.springframework.web.servlet.view.BeanNameViewResolver; SearchStrategy: all) found beans of type 'org.springframework.web.servlet.view.BeanNameViewResolver' beanNameViewResolver (OnBeanCondition)

   WebMvcHealthEndpointExtensionAutoConfiguration:
      Did not match:
         - @ConditionalOnClass did not find required class 'org.springframework.boot.health.actuate.endpoint.HealthEndpoint' (OnClassCondition)

   WebMvcMappingsAutoConfiguration:
      Did not match:
         - @ConditionalOnClass did not find required class 'org.springframework.boot.actuate.autoconfigure.endpoint.condition.ConditionalOnAvailableEndpoint' (OnClassCondition)

   WebMvcObservationAutoConfiguration:
      Did not match:
         - @ConditionalOnClass did not find required class 'org.springframework.boot.micrometer.observation.autoconfigure.ObservationProperties' (OnClassCondition)

   XADataSourceAutoConfiguration:
      Did not match:
         - @ConditionalOnBean (types: org.springframework.boot.jdbc.XADataSourceWrapper; SearchStrategy: all) did not find any beans of type org.springframework.boot.jdbc.XADataSourceWrapper (OnBeanCondition)
      Matched:
         - @ConditionalOnClass found required classes 'javax.sql.DataSource', 'jakarta.transaction.TransactionManager', 'org.springframework.jdbc.datasource.embedded.EmbeddedDatabaseType' (OnClassCondition)


Exclusions:
-----------

    None


Unconditional classes:
----------------------

    org.springframework.boot.autoconfigure.context.ConfigurationPropertiesAutoConfiguration

    org.springframework.boot.autoconfigure.ssl.SslAutoConfiguration

    org.springframework.boot.autoconfigure.context.LifecycleAutoConfiguration

    org.springframework.boot.autoconfigure.context.PropertyPlaceholderAutoConfiguration

    org.springframework.boot.autoconfigure.availability.ApplicationAvailabilityAutoConfiguration

    org.springframework.boot.autoconfigure.info.ProjectInfoAutoConfiguration



2026-06-28T23:05:56.496-03:00  INFO 23444 --- [StockHub-Spring] [           main] o.e.s.StockHubSpringApplication          : Started StockHubSpringApplication in 3.767 seconds (process running for 4.066)
2026-06-28T23:05:56.497-03:00 DEBUG 23444 --- [StockHub-Spring] [           main] o.s.b.a.ApplicationAvailabilityBean      : Application availability state LivenessState changed to CORRECT
2026-06-28T23:05:56.499-03:00 DEBUG 23444 --- [StockHub-Spring] [           main] o.s.b.a.ApplicationAvailabilityBean      : Application availability state ReadinessState changed to ACCEPTING_TRAFFIC
2026-06-28T23:06:04.099-03:00  INFO 23444 --- [StockHub-Spring] [nio-8080-exec-1] o.a.c.c.C.[Tomcat].[localhost].[/]       : Initializing Spring DispatcherServlet 'dispatcherServlet'
2026-06-28T23:06:04.099-03:00  INFO 23444 --- [StockHub-Spring] [nio-8080-exec-1] o.s.web.servlet.DispatcherServlet        : Initializing Servlet 'dispatcherServlet'
2026-06-28T23:06:04.100-03:00 DEBUG 23444 --- [StockHub-Spring] [nio-8080-exec-1] o.s.web.servlet.DispatcherServlet        : Detected StandardServletMultipartResolver
2026-06-28T23:06:04.100-03:00 DEBUG 23444 --- [StockHub-Spring] [nio-8080-exec-1] o.s.web.servlet.DispatcherServlet        : Detected AcceptHeaderLocaleResolver
2026-06-28T23:06:04.101-03:00 DEBUG 23444 --- [StockHub-Spring] [nio-8080-exec-1] o.s.web.servlet.DispatcherServlet        : Detected org.springframework.web.servlet.view.DefaultRequestToViewNameTranslator@1540b926
2026-06-28T23:06:04.101-03:00 DEBUG 23444 --- [StockHub-Spring] [nio-8080-exec-1] o.s.web.servlet.DispatcherServlet        : Detected org.springframework.web.servlet.support.SessionFlashMapManager@14d294f4
2026-06-28T23:06:04.101-03:00 DEBUG 23444 --- [StockHub-Spring] [nio-8080-exec-1] o.s.web.servlet.DispatcherServlet        : enableLoggingRequestDetails='false': request parameters and headers will be masked to prevent unsafe logging of potentially sensitive data
2026-06-28T23:06:04.101-03:00  INFO 23444 --- [StockHub-Spring] [nio-8080-exec-1] o.s.web.servlet.DispatcherServlet        : Completed initialization in 1 ms
2026-06-28T23:06:04.108-03:00 DEBUG 23444 --- [StockHub-Spring] [nio-8080-exec-1] o.s.web.servlet.DispatcherServlet        : GET "/login", parameters={}
2026-06-28T23:06:04.114-03:00 DEBUG 23444 --- [StockHub-Spring] [nio-8080-exec-1] s.w.s.m.m.a.RequestMappingHandlerMapping : Mapped to org.example.stockhubspring.controller.AuthController#login(HttpSession)
2026-06-28T23:06:04.140-03:00 DEBUG 23444 --- [StockHub-Spring] [nio-8080-exec-1] o.s.w.s.v.ContentNegotiatingViewResolver : Selected '*/*' given [*/*]
2026-06-28T23:06:04.140-03:00 DEBUG 23444 --- [StockHub-Spring] [nio-8080-exec-1] o.s.web.servlet.view.JstlView            : View name [login], model {usuarioLogado=null}
2026-06-28T23:06:04.144-03:00 DEBUG 23444 --- [StockHub-Spring] [nio-8080-exec-1] o.s.web.servlet.view.JstlView            : Forwarding to [/WEB-INF/pages/login.jsp]
2026-06-28T23:06:04.999-03:00 DEBUG 23444 --- [StockHub-Spring] [nio-8080-exec-1] o.s.web.servlet.DispatcherServlet        : Completed 200 OK
2026-06-28T23:06:34.287-03:00 DEBUG 23444 --- [StockHub-Spring] [nio-8080-exec-5] o.s.web.servlet.DispatcherServlet        : GET "/login", parameters={}
2026-06-28T23:06:34.288-03:00 DEBUG 23444 --- [StockHub-Spring] [nio-8080-exec-5] s.w.s.m.m.a.RequestMappingHandlerMapping : Mapped to org.example.stockhubspring.controller.AuthController#login(HttpSession)
2026-06-28T23:06:34.289-03:00 DEBUG 23444 --- [StockHub-Spring] [nio-8080-exec-5] o.s.w.s.v.ContentNegotiatingViewResolver : Selected '*/*' given [*/*]
2026-06-28T23:06:34.289-03:00 DEBUG 23444 --- [StockHub-Spring] [nio-8080-exec-5] o.s.web.servlet.view.JstlView            : View name [login], model {usuarioLogado=null}
2026-06-28T23:06:34.289-03:00 DEBUG 23444 --- [StockHub-Spring] [nio-8080-exec-5] o.s.web.servlet.view.JstlView            : Forwarding to [/WEB-INF/pages/login.jsp]
2026-06-28T23:06:34.289-03:00 DEBUG 23444 --- [StockHub-Spring] [nio-8080-exec-5] o.s.web.servlet.DispatcherServlet        : Completed 200 OK
2026-06-28T23:06:34.306-03:00 DEBUG 23444 --- [StockHub-Spring] [nio-8080-exec-3] o.s.web.servlet.DispatcherServlet        : POST "/login", parameters={masked}
2026-06-28T23:06:34.307-03:00 DEBUG 23444 --- [StockHub-Spring] [nio-8080-exec-3] s.w.s.m.m.a.RequestMappingHandlerMapping : Mapped to org.example.stockhubspring.controller.AuthController#autenticar(String, String, HttpSession, Model)
2026-06-28T23:06:34.390-03:00 DEBUG 23444 --- [StockHub-Spring] [nio-8080-exec-3] org.hibernate.SQL                        : 
    select
        u1_0.codigo,
        u1_0.ativo,
        u1_0.email,
        u1_0.nome,
        u1_0.senha 
    from
        usuario u1_0 
    where
        u1_0.email=? 
        and u1_0.ativo=true
Hibernate: 
    select
        u1_0.codigo,
        u1_0.ativo,
        u1_0.email,
        u1_0.nome,
        u1_0.senha 
    from
        usuario u1_0 
    where
        u1_0.email=? 
        and u1_0.ativo=true
2026-06-28T23:06:34.412-03:00 DEBUG 23444 --- [StockHub-Spring] [nio-8080-exec-3] o.s.web.servlet.view.RedirectView        : View name [redirect:], model {}
2026-06-28T23:06:34.413-03:00 DEBUG 23444 --- [StockHub-Spring] [nio-8080-exec-3] o.s.web.servlet.DispatcherServlet        : Completed 302 FOUND
2026-06-28T23:06:34.421-03:00 DEBUG 23444 --- [StockHub-Spring] [nio-8080-exec-4] o.s.web.servlet.DispatcherServlet        : GET "/dashboard", parameters={}
2026-06-28T23:06:34.421-03:00 DEBUG 23444 --- [StockHub-Spring] [nio-8080-exec-4] s.w.s.m.m.a.RequestMappingHandlerMapping : Mapped to org.example.stockhubspring.controller.DashboardController#dashboard(Model)
2026-06-28T23:06:34.427-03:00 DEBUG 23444 --- [StockHub-Spring] [nio-8080-exec-4] org.hibernate.SQL                        : 
    select
        p1_0.id,
        p1_0.categoria_id,
        p1_0.descricao,
        p1_0.estoque_minimo,
        p1_0.nome,
        p1_0.preco,
        p1_0.quantidade,
        p1_0.usuario_codigo 
    from
        produto p1_0 
    where
        p1_0.usuario_codigo=? 
    order by
        p1_0.id desc
Hibernate: 
    select
        p1_0.id,
        p1_0.categoria_id,
        p1_0.descricao,
        p1_0.estoque_minimo,
        p1_0.nome,
        p1_0.preco,
        p1_0.quantidade,
        p1_0.usuario_codigo 
    from
        produto p1_0 
    where
        p1_0.usuario_codigo=? 
    order by
        p1_0.id desc
2026-06-28T23:06:34.445-03:00 DEBUG 23444 --- [StockHub-Spring] [nio-8080-exec-4] org.hibernate.SQL                        : 
    select
        c1_0.id,
        c1_0.descricao,
        c1_0.nome,
        c1_0.usuario_codigo 
    from
        categoria c1_0 
    where
        c1_0.usuario_codigo=? 
    order by
        c1_0.nome
Hibernate: 
    select
        c1_0.id,
        c1_0.descricao,
        c1_0.nome,
        c1_0.usuario_codigo 
    from
        categoria c1_0 
    where
        c1_0.usuario_codigo=? 
    order by
        c1_0.nome
2026-06-28T23:06:34.454-03:00 DEBUG 23444 --- [StockHub-Spring] [nio-8080-exec-4] org.hibernate.SQL                        : 
    select
        count(p1_0.id) 
    from
        produto p1_0 
    where
        p1_0.categoria_id=? 
        and p1_0.usuario_codigo=?
Hibernate: 
    select
        count(p1_0.id) 
    from
        produto p1_0 
    where
        p1_0.categoria_id=? 
        and p1_0.usuario_codigo=?
2026-06-28T23:06:34.457-03:00 DEBUG 23444 --- [StockHub-Spring] [nio-8080-exec-4] org.hibernate.SQL                        : 
    select
        count(p1_0.id) 
    from
        produto p1_0 
    where
        p1_0.categoria_id=? 
        and p1_0.usuario_codigo=?
Hibernate: 
    select
        count(p1_0.id) 
    from
        produto p1_0 
    where
        p1_0.categoria_id=? 
        and p1_0.usuario_codigo=?
2026-06-28T23:06:34.458-03:00 DEBUG 23444 --- [StockHub-Spring] [nio-8080-exec-4] org.hibernate.SQL                        : 
    select
        count(p1_0.id) 
    from
        produto p1_0 
    where
        p1_0.categoria_id=? 
        and p1_0.usuario_codigo=?
Hibernate: 
    select
        count(p1_0.id) 
    from
        produto p1_0 
    where
        p1_0.categoria_id=? 
        and p1_0.usuario_codigo=?
2026-06-28T23:06:34.459-03:00 DEBUG 23444 --- [StockHub-Spring] [nio-8080-exec-4] org.hibernate.SQL                        : 
    select
        count(p1_0.id) 
    from
        produto p1_0 
    where
        p1_0.categoria_id=? 
        and p1_0.usuario_codigo=?
Hibernate: 
    select
        count(p1_0.id) 
    from
        produto p1_0 
    where
        p1_0.categoria_id=? 
        and p1_0.usuario_codigo=?
2026-06-28T23:06:34.460-03:00 DEBUG 23444 --- [StockHub-Spring] [nio-8080-exec-4] org.hibernate.SQL                        : 
    select
        count(p1_0.id) 
    from
        produto p1_0 
    where
        p1_0.categoria_id=? 
        and p1_0.usuario_codigo=?
Hibernate: 
    select
        count(p1_0.id) 
    from
        produto p1_0 
    where
        p1_0.categoria_id=? 
        and p1_0.usuario_codigo=?
2026-06-28T23:06:34.461-03:00 DEBUG 23444 --- [StockHub-Spring] [nio-8080-exec-4] org.hibernate.SQL                        : 
    select
        count(p1_0.id) 
    from
        produto p1_0 
    where
        p1_0.categoria_id=? 
        and p1_0.usuario_codigo=?
Hibernate: 
    select
        count(p1_0.id) 
    from
        produto p1_0 
    where
        p1_0.categoria_id=? 
        and p1_0.usuario_codigo=?
2026-06-28T23:06:34.462-03:00 DEBUG 23444 --- [StockHub-Spring] [nio-8080-exec-4] org.hibernate.SQL                        : 
    select
        count(p1_0.id) 
    from
        produto p1_0 
    where
        p1_0.categoria_id=? 
        and p1_0.usuario_codigo=?
Hibernate: 
    select
        count(p1_0.id) 
    from
        produto p1_0 
    where
        p1_0.categoria_id=? 
        and p1_0.usuario_codigo=?
2026-06-28T23:06:34.463-03:00 DEBUG 23444 --- [StockHub-Spring] [nio-8080-exec-4] org.hibernate.SQL                        : 
    select
        count(p1_0.id) 
    from
        produto p1_0 
    where
        p1_0.categoria_id=? 
        and p1_0.usuario_codigo=?
Hibernate: 
    select
        count(p1_0.id) 
    from
        produto p1_0 
    where
        p1_0.categoria_id=? 
        and p1_0.usuario_codigo=?
2026-06-28T23:06:34.463-03:00 DEBUG 23444 --- [StockHub-Spring] [nio-8080-exec-4] org.hibernate.SQL                        : 
    select
        count(p1_0.id) 
    from
        produto p1_0 
    where
        p1_0.categoria_id=? 
        and p1_0.usuario_codigo=?
Hibernate: 
    select
        count(p1_0.id) 
    from
        produto p1_0 
    where
        p1_0.categoria_id=? 
        and p1_0.usuario_codigo=?
2026-06-28T23:06:34.464-03:00 DEBUG 23444 --- [StockHub-Spring] [nio-8080-exec-4] org.hibernate.SQL                        : 
    select
        count(p1_0.id) 
    from
        produto p1_0 
    where
        p1_0.categoria_id=? 
        and p1_0.usuario_codigo=?
Hibernate: 
    select
        count(p1_0.id) 
    from
        produto p1_0 
    where
        p1_0.categoria_id=? 
        and p1_0.usuario_codigo=?
2026-06-28T23:06:34.465-03:00 DEBUG 23444 --- [StockHub-Spring] [nio-8080-exec-4] org.hibernate.SQL                        : 
    select
        count(p1_0.id) 
    from
        produto p1_0 
    where
        p1_0.categoria_id=? 
        and p1_0.usuario_codigo=?
Hibernate: 
    select
        count(p1_0.id) 
    from
        produto p1_0 
    where
        p1_0.categoria_id=? 
        and p1_0.usuario_codigo=?
2026-06-28T23:06:34.466-03:00 DEBUG 23444 --- [StockHub-Spring] [nio-8080-exec-4] org.hibernate.SQL                        : 
    select
        count(p1_0.id) 
    from
        produto p1_0 
    where
        p1_0.categoria_id=? 
        and p1_0.usuario_codigo=?
Hibernate: 
    select
        count(p1_0.id) 
    from
        produto p1_0 
    where
        p1_0.categoria_id=? 
        and p1_0.usuario_codigo=?
2026-06-28T23:06:34.466-03:00 DEBUG 23444 --- [StockHub-Spring] [nio-8080-exec-4] org.hibernate.SQL                        : 
    select
        count(p1_0.id) 
    from
        produto p1_0 
    where
        p1_0.categoria_id=? 
        and p1_0.usuario_codigo=?
Hibernate: 
    select
        count(p1_0.id) 
    from
        produto p1_0 
    where
        p1_0.categoria_id=? 
        and p1_0.usuario_codigo=?
2026-06-28T23:06:34.467-03:00 DEBUG 23444 --- [StockHub-Spring] [nio-8080-exec-4] org.hibernate.SQL                        : 
    select
        count(p1_0.id) 
    from
        produto p1_0 
    where
        p1_0.categoria_id=? 
        and p1_0.usuario_codigo=?
Hibernate: 
    select
        count(p1_0.id) 
    from
        produto p1_0 
    where
        p1_0.categoria_id=? 
        and p1_0.usuario_codigo=?
2026-06-28T23:06:34.468-03:00 DEBUG 23444 --- [StockHub-Spring] [nio-8080-exec-4] org.hibernate.SQL                        : 
    select
        count(p1_0.id) 
    from
        produto p1_0 
    where
        p1_0.categoria_id=? 
        and p1_0.usuario_codigo=?
Hibernate: 
    select
        count(p1_0.id) 
    from
        produto p1_0 
    where
        p1_0.categoria_id=? 
        and p1_0.usuario_codigo=?
2026-06-28T23:06:34.471-03:00 DEBUG 23444 --- [StockHub-Spring] [nio-8080-exec-4] org.hibernate.SQL                        : 
    select
        count(p1_0.id) 
    from
        produto p1_0 
    where
        p1_0.usuario_codigo=? 
        and p1_0.quantidade<=p1_0.estoque_minimo
Hibernate: 
    select
        count(p1_0.id) 
    from
        produto p1_0 
    where
        p1_0.usuario_codigo=? 
        and p1_0.quantidade<=p1_0.estoque_minimo
2026-06-28T23:06:34.473-03:00 DEBUG 23444 --- [StockHub-Spring] [nio-8080-exec-4] org.hibernate.SQL                        : 
    select
        p1_0.id,
        p1_0.categoria_id,
        p1_0.descricao,
        p1_0.estoque_minimo,
        p1_0.nome,
        p1_0.preco,
        p1_0.quantidade,
        p1_0.usuario_codigo 
    from
        produto p1_0 
    where
        p1_0.usuario_codigo=? 
    order by
        p1_0.id desc
Hibernate: 
    select
        p1_0.id,
        p1_0.categoria_id,
        p1_0.descricao,
        p1_0.estoque_minimo,
        p1_0.nome,
        p1_0.preco,
        p1_0.quantidade,
        p1_0.usuario_codigo 
    from
        produto p1_0 
    where
        p1_0.usuario_codigo=? 
    order by
        p1_0.id desc
2026-06-28T23:06:34.476-03:00 DEBUG 23444 --- [StockHub-Spring] [nio-8080-exec-4] org.hibernate.SQL                        : 
    select
        p1_0.id,
        p1_0.categoria_id,
        p1_0.descricao,
        p1_0.estoque_minimo,
        p1_0.nome,
        p1_0.preco,
        p1_0.quantidade,
        p1_0.usuario_codigo 
    from
        produto p1_0 
    where
        p1_0.usuario_codigo=? 
        and p1_0.quantidade<=p1_0.estoque_minimo 
    order by
        p1_0.quantidade,
        p1_0.nome
Hibernate: 
    select
        p1_0.id,
        p1_0.categoria_id,
        p1_0.descricao,
        p1_0.estoque_minimo,
        p1_0.nome,
        p1_0.preco,
        p1_0.quantidade,
        p1_0.usuario_codigo 
    from
        produto p1_0 
    where
        p1_0.usuario_codigo=? 
        and p1_0.quantidade<=p1_0.estoque_minimo 
    order by
        p1_0.quantidade,
        p1_0.nome
2026-06-28T23:06:34.481-03:00 DEBUG 23444 --- [StockHub-Spring] [nio-8080-exec-4] o.s.w.s.v.ContentNegotiatingViewResolver : Selected '*/*' given [*/*]
2026-06-28T23:06:34.481-03:00 DEBUG 23444 --- [StockHub-Spring] [nio-8080-exec-4] o.s.web.servlet.view.JstlView            : View name [dashboard], model {usuarioLogado=org.example.stockhubspring.model.Usuario@396a91e5, resumo=org.example.stockhubspring.model.ResumoEstoque@2cd8062e, produtosRecentes=[org.example.stockhubspring.model.Produto@40db0f40, org.example.stockhubspring.model.Produto@13c6c8be, org.example.stockhubspring.model.Produto@5bd2981e, org.example.stockhubspring.model.Produto@416ac017, org.example.stockhubspring.model.Produto@59d36675, org.example.stockhubspring.model.Produto@7cf5d6c9], produtosEstoqueBaixo=[org.example.stockhubspring.model.Produto@416ac017, org.example.stockhubspring.model.Produto@10c293d1, org.example.stockhubspring.model.Produto@5a6c917f, org.example.stockhubspring.model.Produto@14a44cda, org.example.stockhubspring.model.Produto@386599ec, org.example.stockhubspring.model.Produto@4221d095], org.springframework.validation.BindingResult.usuarioLogado=org.springframework.validation.BeanPropertyBindingResult: 0 errors, org.springframework.validation.BindingResult.resumo=org.springframework.validation.BeanPropertyBindingResult: 0 errors}
2026-06-28T23:06:34.482-03:00 DEBUG 23444 --- [StockHub-Spring] [nio-8080-exec-4] o.s.web.servlet.view.JstlView            : Forwarding to [/WEB-INF/pages/dashboard.jsp]
2026-06-28T23:06:35.038-03:00 DEBUG 23444 --- [StockHub-Spring] [nio-8080-exec-4] o.s.web.servlet.DispatcherServlet        : Completed 200 OK
2026-06-28T23:06:35.051-03:00 DEBUG 23444 --- [StockHub-Spring] [nio-8080-exec-6] o.s.web.servlet.DispatcherServlet        : GET "/estoque", parameters={}
2026-06-28T23:06:35.051-03:00 DEBUG 23444 --- [StockHub-Spring] [nio-8080-exec-6] s.w.s.m.m.a.RequestMappingHandlerMapping : Mapped to org.example.stockhubspring.controller.EstoqueController#movimentacoes(Model)
2026-06-28T23:06:35.052-03:00 DEBUG 23444 --- [StockHub-Spring] [nio-8080-exec-6] org.hibernate.SQL                        : 
    select
        p1_0.id,
        p1_0.categoria_id,
        p1_0.descricao,
        p1_0.estoque_minimo,
        p1_0.nome,
        p1_0.preco,
        p1_0.quantidade,
        p1_0.usuario_codigo 
    from
        produto p1_0 
    where
        p1_0.usuario_codigo=? 
    order by
        p1_0.id desc
Hibernate: 
    select
        p1_0.id,
        p1_0.categoria_id,
        p1_0.descricao,
        p1_0.estoque_minimo,
        p1_0.nome,
        p1_0.preco,
        p1_0.quantidade,
        p1_0.usuario_codigo 
    from
        produto p1_0 
    where
        p1_0.usuario_codigo=? 
    order by
        p1_0.id desc
2026-06-28T23:06:35.062-03:00 DEBUG 23444 --- [StockHub-Spring] [nio-8080-exec-6] org.hibernate.SQL                        : 
    select
        me1_0.id,
        me1_0.criado_em,
        me1_0.observacao,
        me1_0.produto_id,
        me1_0.quantidade,
        me1_0.tipo,
        me1_0.usuario_codigo 
    from
        movimentacao_estoque me1_0 
    where
        me1_0.usuario_codigo=? 
    order by
        me1_0.criado_em desc
Hibernate: 
    select
        me1_0.id,
        me1_0.criado_em,
        me1_0.observacao,
        me1_0.produto_id,
        me1_0.quantidade,
        me1_0.tipo,
        me1_0.usuario_codigo 
    from
        movimentacao_estoque me1_0 
    where
        me1_0.usuario_codigo=? 
    order by
        me1_0.criado_em desc
2026-06-28T23:06:35.066-03:00 DEBUG 23444 --- [StockHub-Spring] [nio-8080-exec-6] o.s.w.s.v.ContentNegotiatingViewResolver : Selected '*/*' given [*/*]
2026-06-28T23:06:35.066-03:00 DEBUG 23444 --- [StockHub-Spring] [nio-8080-exec-6] o.s.web.servlet.view.JstlView            : View name [estoque], model {usuarioLogado=org.example.stockhubspring.model.Usuario@396a91e5, produtos=[org.example.stockhubspring.model.Produto@395518be, org.example.stockhubspring.model.Produto@340b191d, org.example.stockhubspring.model.Produto@41f06076, org.example.stockhubspring.model.Produto@656bc028, org.example.stockhubspring.model.Produto@746aa4d3, org.example.stockhubspring.model.Produto@184598b2, org.example.stockhubspring.model.Produto@5af4a81c, org.example.stockhubspring.model.Produto@612559ea, org.example.stockhubspring.model.Produto@40482521, org.example.stockhubspring.model.Produto@747ca592, org.example.stockhubspring.model.Produto@bb74749, org.example.stockhubspring.model.Produto@4016b5dc, org.example.stockhubspring.model.Produto@4176e1d2, org.example.stockhubspring.model.Produto@50379c5b, org.example.stockhubspring.model.Produto@618b041b, org.example.stockhubspring.model.Produto@1446f5a3, org.example.stockhubspring.model.Produto@6248ee88, org.example.stockhubspring.model.Produto@ef163de, org.example.stockhubspring.model.Produto@37e305c7, org.example.stockhubspring.model.Produto@14ab0575, org.example.stockhubspring.model.Produto@313285c6, org.example.stockhubspring.model.Produto@34d8ffad, org.example.stockhubspring.model.Produto@1b3a09cc, org.example.stockhubspring.model.Produto@57762773, org.example.stockhubspring.model.Produto@72cf94ee, org.example.stockhubspring.model.Produto@119288d, org.example.stockhubspring.model.Produto@4aa6250b, org.example.stockhubspring.model.Produto@2c8dde93, org.example.stockhubspring.model.Produto@22eb5708, org.example.stockhubspring.model.Produto@6afe4e98, org.example.stockhubspring.model.Produto@110bb0b1, org.example.stockhubspring.model.Produto@53308d45, org.example.stockhubspring.model.Produto@2b1bc33c, org.example.stockhubspring.model.Produto@3309c249, org.example.stockhubspring.model.Produto@7fcb62a1, org.example.stockhubspring.model.Produto@284682b8, org.example.stockhubspring.model.Produto@5db1a6af, org.example.stockhubspring.model.Produto@20572cda, org.example.stockhubspring.model.Produto@42d9c1b, org.example.stockhubspring.model.Produto@48b6d419, org.example.stockhubspring.model.Produto@1c4a6053, org.example.stockhubspring.model.Produto@74270b16, org.example.stockhubspring.model.Produto@23af11a, org.example.stockhubspring.model.Produto@4c8fe631, org.example.stockhubspring.model.Produto@3885f0b, org.example.stockhubspring.model.Produto@4f3b9bd7, org.example.stockhubspring.model.Produto@1a5c110b, org.example.stockhubspring.model.Produto@29d1c21f, org.example.stockhubspring.model.Produto@68e0b029, org.example.stockhubspring.model.Produto@7b167bc1, org.example.stockhubspring.model.Produto@138e9e1, org.example.stockhubspring.model.Produto@265e02e3, org.example.stockhubspring.model.Produto@4b529ff9, org.example.stockhubspring.model.Produto@3522d21, org.example.stockhubspring.model.Produto@4563ab4b, org.example.stockhubspring.model.Produto@13fce01e, org.example.stockhubspring.model.Produto@4c8e18cf, org.example.stockhubspring.model.Produto@5ea71f5a, org.example.stockhubspring.model.Produto@646ce36, org.example.stockhubspring.model.Produto@724e22f0, org.example.stockhubspring.model.Produto@4eba1416, org.example.stockhubspring.model.Produto@28018f54, org.example.stockhubspring.model.Produto@1806d31c, org.example.stockhubspring.model.Produto@1bdc3b4e, org.example.stockhubspring.model.Produto@5588687, org.example.stockhubspring.model.Produto@2187c257, org.example.stockhubspring.model.Produto@fb76b48, org.example.stockhubspring.model.Produto@754b37bb, org.example.stockhubspring.model.Produto@3466eb2b, org.example.stockhubspring.model.Produto@2bec028a, org.example.stockhubspring.model.Produto@1f35c194, org.example.stockhubspring.model.Produto@33efdb26, org.example.stockhubspring.model.Produto@30d351c3, org.example.stockhubspring.model.Produto@7b60fd01, org.example.stockhubspring.model.Produto@4ae8aa98, org.example.stockhubspring.model.Produto@7936e08, org.example.stockhubspring.model.Produto@2d646a70, org.example.stockhubspring.model.Produto@51901228, org.example.stockhubspring.model.Produto@5ea3cee8, org.example.stockhubspring.model.Produto@425c181a, org.example.stockhubspring.model.Produto@4c65ddcb, org.example.stockhubspring.model.Produto@1db5973d, org.example.stockhubspring.model.Produto@5da1ceed, org.example.stockhubspring.model.Produto@7f1f818b, org.example.stockhubspring.model.Produto@1d769026, org.example.stockhubspring.model.Produto@2ccbe0ca, org.example.stockhubspring.model.Produto@7fce8518], movimentacoes=[], tipos=[Lorg.example.stockhubspring.model.TipoMovimentacao;@44289d45, org.springframework.validation.BindingResult.usuarioLogado=org.springframework.validation.BeanPropertyBindingResult: 0 errors}
2026-06-28T23:06:35.067-03:00 DEBUG 23444 --- [StockHub-Spring] [nio-8080-exec-6] o.s.web.servlet.view.JstlView            : Forwarding to [/WEB-INF/pages/estoque.jsp]
2026-06-28T23:06:35.184-03:00 DEBUG 23444 --- [StockHub-Spring] [nio-8080-exec-6] o.s.web.servlet.DispatcherServlet        : Completed 200 OK
2026-06-28T23:06:52.503-03:00 DEBUG 23444 --- [StockHub-Spring] [nio-8080-exec-8] o.s.web.servlet.DispatcherServlet        : GET "/dashboard", parameters={}
2026-06-28T23:06:52.504-03:00 DEBUG 23444 --- [StockHub-Spring] [nio-8080-exec-8] s.w.s.m.m.a.RequestMappingHandlerMapping : Mapped to org.example.stockhubspring.controller.DashboardController#dashboard(Model)
2026-06-28T23:06:52.504-03:00 DEBUG 23444 --- [StockHub-Spring] [nio-8080-exec-8] o.s.web.servlet.DispatcherServlet        : Completed 302 FOUND
2026-06-28T23:06:52.619-03:00 DEBUG 23444 --- [StockHub-Spring] [nio-8080-exec-9] o.s.web.servlet.DispatcherServlet        : GET "/login", parameters={}
2026-06-28T23:06:52.619-03:00 DEBUG 23444 --- [StockHub-Spring] [nio-8080-exec-9] s.w.s.m.m.a.RequestMappingHandlerMapping : Mapped to org.example.stockhubspring.controller.AuthController#login(HttpSession)
2026-06-28T23:06:52.620-03:00 DEBUG 23444 --- [StockHub-Spring] [nio-8080-exec-9] o.s.w.s.v.ContentNegotiatingViewResolver : Selected '*/*' given [*/*]
2026-06-28T23:06:52.621-03:00 DEBUG 23444 --- [StockHub-Spring] [nio-8080-exec-9] o.s.web.servlet.view.JstlView            : View name [login], model {usuarioLogado=null}
2026-06-28T23:06:52.621-03:00 DEBUG 23444 --- [StockHub-Spring] [nio-8080-exec-9] o.s.web.servlet.view.JstlView            : Forwarding to [/WEB-INF/pages/login.jsp]
2026-06-28T23:06:52.621-03:00 DEBUG 23444 --- [StockHub-Spring] [nio-8080-exec-9] o.s.web.servlet.DispatcherServlet        : Completed 200 OK
2026-06-28T23:06:52.635-03:00 DEBUG 23444 --- [StockHub-Spring] [io-8080-exec-10] o.s.web.servlet.DispatcherServlet        : POST "/login", parameters={masked}
2026-06-28T23:06:52.635-03:00 DEBUG 23444 --- [StockHub-Spring] [io-8080-exec-10] s.w.s.m.m.a.RequestMappingHandlerMapping : Mapped to org.example.stockhubspring.controller.AuthController#autenticar(String, String, HttpSession, Model)
2026-06-28T23:06:52.637-03:00 DEBUG 23444 --- [StockHub-Spring] [io-8080-exec-10] org.hibernate.SQL                        : 
    select
        u1_0.codigo,
        u1_0.ativo,
        u1_0.email,
        u1_0.nome,
        u1_0.senha 
    from
        usuario u1_0 
    where
        u1_0.email=? 
        and u1_0.ativo=true
Hibernate: 
    select
        u1_0.codigo,
        u1_0.ativo,
        u1_0.email,
        u1_0.nome,
        u1_0.senha 
    from
        usuario u1_0 
    where
        u1_0.email=? 
        and u1_0.ativo=true
2026-06-28T23:06:52.638-03:00 DEBUG 23444 --- [StockHub-Spring] [io-8080-exec-10] o.s.web.servlet.view.RedirectView        : View name [redirect:], model {}
2026-06-28T23:06:52.638-03:00 DEBUG 23444 --- [StockHub-Spring] [io-8080-exec-10] o.s.web.servlet.DispatcherServlet        : Completed 302 FOUND
2026-06-28T23:06:52.645-03:00 DEBUG 23444 --- [StockHub-Spring] [nio-8080-exec-1] o.s.web.servlet.DispatcherServlet        : GET "/logout", parameters={}
2026-06-28T23:06:52.646-03:00 DEBUG 23444 --- [StockHub-Spring] [nio-8080-exec-1] s.w.s.m.m.a.RequestMappingHandlerMapping : Mapped to org.example.stockhubspring.controller.AuthController#logout(HttpSession)
2026-06-28T23:06:52.647-03:00 DEBUG 23444 --- [StockHub-Spring] [nio-8080-exec-1] o.s.web.servlet.view.RedirectView        : View name [redirect:], model {}
2026-06-28T23:06:52.647-03:00 DEBUG 23444 --- [StockHub-Spring] [nio-8080-exec-1] o.s.web.servlet.DispatcherServlet        : Completed 302 FOUND
2026-06-28T23:07:09.232-03:00 DEBUG 23444 --- [StockHub-Spring] [nio-8080-exec-3] o.s.web.servlet.DispatcherServlet        : GET "/dashboard", parameters={}
2026-06-28T23:07:09.232-03:00 DEBUG 23444 --- [StockHub-Spring] [nio-8080-exec-3] s.w.s.m.m.a.RequestMappingHandlerMapping : Mapped to org.example.stockhubspring.controller.DashboardController#dashboard(Model)
2026-06-28T23:07:09.232-03:00 DEBUG 23444 --- [StockHub-Spring] [nio-8080-exec-3] o.s.web.servlet.DispatcherServlet        : Completed 302 FOUND
2026-06-28T23:07:20.694-03:00 DEBUG 23444 --- [StockHub-Spring] [nio-8080-exec-6] o.s.web.servlet.DispatcherServlet        : GET "/cadastro", parameters={}
2026-06-28T23:07:20.695-03:00 DEBUG 23444 --- [StockHub-Spring] [nio-8080-exec-6] s.w.s.m.m.a.RequestMappingHandlerMapping : Mapped to org.example.stockhubspring.controller.AuthController#cadastro(Model)
2026-06-28T23:07:20.696-03:00 DEBUG 23444 --- [StockHub-Spring] [nio-8080-exec-6] o.s.w.s.v.ContentNegotiatingViewResolver : Selected '*/*' given [*/*]
2026-06-28T23:07:20.696-03:00 DEBUG 23444 --- [StockHub-Spring] [nio-8080-exec-6] o.s.web.servlet.view.JstlView            : View name [login], model {usuarioLogado=null, modoCadastro=true}
2026-06-28T23:07:20.696-03:00 DEBUG 23444 --- [StockHub-Spring] [nio-8080-exec-6] o.s.web.servlet.view.JstlView            : Forwarding to [/WEB-INF/pages/login.jsp]
2026-06-28T23:07:20.696-03:00 DEBUG 23444 --- [StockHub-Spring] [nio-8080-exec-6] o.s.web.servlet.DispatcherServlet        : Completed 200 OK
2026-06-28T23:07:20.724-03:00 DEBUG 23444 --- [StockHub-Spring] [nio-8080-exec-8] o.s.web.servlet.DispatcherServlet        : GET "/login", parameters={}
2026-06-28T23:07:20.724-03:00 DEBUG 23444 --- [StockHub-Spring] [nio-8080-exec-8] s.w.s.m.m.a.RequestMappingHandlerMapping : Mapped to org.example.stockhubspring.controller.AuthController#login(HttpSession)
2026-06-28T23:07:20.725-03:00 DEBUG 23444 --- [StockHub-Spring] [nio-8080-exec-8] o.s.w.s.v.ContentNegotiatingViewResolver : Selected '*/*' given [*/*]
2026-06-28T23:07:20.726-03:00 DEBUG 23444 --- [StockHub-Spring] [nio-8080-exec-8] o.s.web.servlet.view.JstlView            : View name [login], model {usuarioLogado=null}
2026-06-28T23:07:20.726-03:00 DEBUG 23444 --- [StockHub-Spring] [nio-8080-exec-8] o.s.web.servlet.view.JstlView            : Forwarding to [/WEB-INF/pages/login.jsp]
2026-06-28T23:07:20.726-03:00 DEBUG 23444 --- [StockHub-Spring] [nio-8080-exec-8] o.s.web.servlet.DispatcherServlet        : Completed 200 OK
2026-06-28T23:07:55.255-03:00 DEBUG 23444 --- [StockHub-Spring] [io-8080-exec-10] o.s.web.servlet.DispatcherServlet        : GET "/", parameters={}
2026-06-28T23:07:55.255-03:00 DEBUG 23444 --- [StockHub-Spring] [io-8080-exec-10] s.w.s.m.m.a.RequestMappingHandlerMapping : Mapped to org.example.stockhubspring.controller.DashboardController#dashboard(Model)
2026-06-28T23:07:55.256-03:00 DEBUG 23444 --- [StockHub-Spring] [io-8080-exec-10] o.s.web.servlet.DispatcherServlet        : Completed 302 FOUND
2026-06-28T23:07:55.261-03:00 DEBUG 23444 --- [StockHub-Spring] [nio-8080-exec-1] o.s.web.servlet.DispatcherServlet        : GET "/login", parameters={}
2026-06-28T23:07:55.262-03:00 DEBUG 23444 --- [StockHub-Spring] [nio-8080-exec-1] s.w.s.m.m.a.RequestMappingHandlerMapping : Mapped to org.example.stockhubspring.controller.AuthController#login(HttpSession)
2026-06-28T23:07:55.266-03:00 DEBUG 23444 --- [StockHub-Spring] [nio-8080-exec-1] o.s.w.s.v.ContentNegotiatingViewResolver : Selected 'text/html' given [text/html, application/xhtml+xml, image/avif, image/webp, image/apng, application/xml;q=0.9, */*;q=0.8]
2026-06-28T23:07:55.266-03:00 DEBUG 23444 --- [StockHub-Spring] [nio-8080-exec-1] o.s.web.servlet.view.JstlView            : View name [login], model {usuarioLogado=null}
2026-06-28T23:07:55.267-03:00 DEBUG 23444 --- [StockHub-Spring] [nio-8080-exec-1] o.s.web.servlet.view.JstlView            : Forwarding to [/WEB-INF/pages/login.jsp]
2026-06-28T23:07:55.267-03:00 DEBUG 23444 --- [StockHub-Spring] [nio-8080-exec-1] o.s.web.servlet.DispatcherServlet        : Completed 200 OK
2026-06-28T23:07:58.955-03:00 DEBUG 23444 --- [StockHub-Spring] [nio-8080-exec-2] o.s.web.servlet.DispatcherServlet        : POST "/login", parameters={masked}
2026-06-28T23:07:58.955-03:00 DEBUG 23444 --- [StockHub-Spring] [nio-8080-exec-2] s.w.s.m.m.a.RequestMappingHandlerMapping : Mapped to org.example.stockhubspring.controller.AuthController#autenticar(String, String, HttpSession, Model)
2026-06-28T23:07:58.957-03:00 DEBUG 23444 --- [StockHub-Spring] [nio-8080-exec-2] org.hibernate.SQL                        : 
    select
        u1_0.codigo,
        u1_0.ativo,
        u1_0.email,
        u1_0.nome,
        u1_0.senha 
    from
        usuario u1_0 
    where
        u1_0.email=? 
        and u1_0.ativo=true
Hibernate: 
    select
        u1_0.codigo,
        u1_0.ativo,
        u1_0.email,
        u1_0.nome,
        u1_0.senha 
    from
        usuario u1_0 
    where
        u1_0.email=? 
        and u1_0.ativo=true
2026-06-28T23:07:58.960-03:00 DEBUG 23444 --- [StockHub-Spring] [nio-8080-exec-2] o.s.web.servlet.view.RedirectView        : View name [redirect:], model {}
2026-06-28T23:07:58.961-03:00 DEBUG 23444 --- [StockHub-Spring] [nio-8080-exec-2] o.s.web.servlet.DispatcherServlet        : Completed 302 FOUND
2026-06-28T23:07:58.965-03:00 DEBUG 23444 --- [StockHub-Spring] [nio-8080-exec-5] o.s.web.servlet.DispatcherServlet        : GET "/dashboard", parameters={}
2026-06-28T23:07:58.966-03:00 DEBUG 23444 --- [StockHub-Spring] [nio-8080-exec-5] s.w.s.m.m.a.RequestMappingHandlerMapping : Mapped to org.example.stockhubspring.controller.DashboardController#dashboard(Model)
2026-06-28T23:07:58.967-03:00 DEBUG 23444 --- [StockHub-Spring] [nio-8080-exec-5] org.hibernate.SQL                        : 
    select
        p1_0.id,
        p1_0.categoria_id,
        p1_0.descricao,
        p1_0.estoque_minimo,
        p1_0.nome,
        p1_0.preco,
        p1_0.quantidade,
        p1_0.usuario_codigo 
    from
        produto p1_0 
    where
        p1_0.usuario_codigo=? 
    order by
        p1_0.id desc
Hibernate: 
    select
        p1_0.id,
        p1_0.categoria_id,
        p1_0.descricao,
        p1_0.estoque_minimo,
        p1_0.nome,
        p1_0.preco,
        p1_0.quantidade,
        p1_0.usuario_codigo 
    from
        produto p1_0 
    where
        p1_0.usuario_codigo=? 
    order by
        p1_0.id desc
2026-06-28T23:07:58.973-03:00 DEBUG 23444 --- [StockHub-Spring] [nio-8080-exec-5] org.hibernate.SQL                        : 
    select
        c1_0.id,
        c1_0.descricao,
        c1_0.nome,
        c1_0.usuario_codigo 
    from
        categoria c1_0 
    where
        c1_0.usuario_codigo=? 
    order by
        c1_0.nome
Hibernate: 
    select
        c1_0.id,
        c1_0.descricao,
        c1_0.nome,
        c1_0.usuario_codigo 
    from
        categoria c1_0 
    where
        c1_0.usuario_codigo=? 
    order by
        c1_0.nome
2026-06-28T23:07:58.976-03:00 DEBUG 23444 --- [StockHub-Spring] [nio-8080-exec-5] org.hibernate.SQL                        : 
    select
        count(p1_0.id) 
    from
        produto p1_0 
    where
        p1_0.categoria_id=? 
        and p1_0.usuario_codigo=?
Hibernate: 
    select
        count(p1_0.id) 
    from
        produto p1_0 
    where
        p1_0.categoria_id=? 
        and p1_0.usuario_codigo=?
2026-06-28T23:07:58.978-03:00 DEBUG 23444 --- [StockHub-Spring] [nio-8080-exec-5] org.hibernate.SQL                        : 
    select
        count(p1_0.id) 
    from
        produto p1_0 
    where
        p1_0.categoria_id=? 
        and p1_0.usuario_codigo=?
Hibernate: 
    select
        count(p1_0.id) 
    from
        produto p1_0 
    where
        p1_0.categoria_id=? 
        and p1_0.usuario_codigo=?
2026-06-28T23:07:58.978-03:00 DEBUG 23444 --- [StockHub-Spring] [nio-8080-exec-5] org.hibernate.SQL                        : 
    select
        count(p1_0.id) 
    from
        produto p1_0 
    where
        p1_0.categoria_id=? 
        and p1_0.usuario_codigo=?
Hibernate: 
    select
        count(p1_0.id) 
    from
        produto p1_0 
    where
        p1_0.categoria_id=? 
        and p1_0.usuario_codigo=?
2026-06-28T23:07:58.979-03:00 DEBUG 23444 --- [StockHub-Spring] [nio-8080-exec-5] org.hibernate.SQL                        : 
    select
        count(p1_0.id) 
    from
        produto p1_0 
    where
        p1_0.categoria_id=? 
        and p1_0.usuario_codigo=?
Hibernate: 
    select
        count(p1_0.id) 
    from
        produto p1_0 
    where
        p1_0.categoria_id=? 
        and p1_0.usuario_codigo=?
2026-06-28T23:07:58.981-03:00 DEBUG 23444 --- [StockHub-Spring] [nio-8080-exec-5] org.hibernate.SQL                        : 
    select
        count(p1_0.id) 
    from
        produto p1_0 
    where
        p1_0.categoria_id=? 
        and p1_0.usuario_codigo=?
Hibernate: 
    select
        count(p1_0.id) 
    from
        produto p1_0 
    where
        p1_0.categoria_id=? 
        and p1_0.usuario_codigo=?
2026-06-28T23:07:58.981-03:00 DEBUG 23444 --- [StockHub-Spring] [nio-8080-exec-5] org.hibernate.SQL                        : 
    select
        count(p1_0.id) 
    from
        produto p1_0 
    where
        p1_0.categoria_id=? 
        and p1_0.usuario_codigo=?
Hibernate: 
    select
        count(p1_0.id) 
    from
        produto p1_0 
    where
        p1_0.categoria_id=? 
        and p1_0.usuario_codigo=?
2026-06-28T23:07:58.983-03:00 DEBUG 23444 --- [StockHub-Spring] [nio-8080-exec-5] org.hibernate.SQL                        : 
    select
        count(p1_0.id) 
    from
        produto p1_0 
    where
        p1_0.categoria_id=? 
        and p1_0.usuario_codigo=?
Hibernate: 
    select
        count(p1_0.id) 
    from
        produto p1_0 
    where
        p1_0.categoria_id=? 
        and p1_0.usuario_codigo=?
2026-06-28T23:07:58.984-03:00 DEBUG 23444 --- [StockHub-Spring] [nio-8080-exec-5] org.hibernate.SQL                        : 
    select
        count(p1_0.id) 
    from
        produto p1_0 
    where
        p1_0.categoria_id=? 
        and p1_0.usuario_codigo=?
Hibernate: 
    select
        count(p1_0.id) 
    from
        produto p1_0 
    where
        p1_0.categoria_id=? 
        and p1_0.usuario_codigo=?
2026-06-28T23:07:58.986-03:00 DEBUG 23444 --- [StockHub-Spring] [nio-8080-exec-5] org.hibernate.SQL                        : 
    select
        count(p1_0.id) 
    from
        produto p1_0 
    where
        p1_0.categoria_id=? 
        and p1_0.usuario_codigo=?
Hibernate: 
    select
        count(p1_0.id) 
    from
        produto p1_0 
    where
        p1_0.categoria_id=? 
        and p1_0.usuario_codigo=?
2026-06-28T23:07:58.987-03:00 DEBUG 23444 --- [StockHub-Spring] [nio-8080-exec-5] org.hibernate.SQL                        : 
    select
        count(p1_0.id) 
    from
        produto p1_0 
    where
        p1_0.categoria_id=? 
        and p1_0.usuario_codigo=?
Hibernate: 
    select
        count(p1_0.id) 
    from
        produto p1_0 
    where
        p1_0.categoria_id=? 
        and p1_0.usuario_codigo=?
2026-06-28T23:07:58.988-03:00 DEBUG 23444 --- [StockHub-Spring] [nio-8080-exec-5] org.hibernate.SQL                        : 
    select
        count(p1_0.id) 
    from
        produto p1_0 
    where
        p1_0.categoria_id=? 
        and p1_0.usuario_codigo=?
Hibernate: 
    select
        count(p1_0.id) 
    from
        produto p1_0 
    where
        p1_0.categoria_id=? 
        and p1_0.usuario_codigo=?
2026-06-28T23:07:58.989-03:00 DEBUG 23444 --- [StockHub-Spring] [nio-8080-exec-5] org.hibernate.SQL                        : 
    select
        count(p1_0.id) 
    from
        produto p1_0 
    where
        p1_0.categoria_id=? 
        and p1_0.usuario_codigo=?
Hibernate: 
    select
        count(p1_0.id) 
    from
        produto p1_0 
    where
        p1_0.categoria_id=? 
        and p1_0.usuario_codigo=?
2026-06-28T23:07:58.990-03:00 DEBUG 23444 --- [StockHub-Spring] [nio-8080-exec-5] org.hibernate.SQL                        : 
    select
        count(p1_0.id) 
    from
        produto p1_0 
    where
        p1_0.categoria_id=? 
        and p1_0.usuario_codigo=?
Hibernate: 
    select
        count(p1_0.id) 
    from
        produto p1_0 
    where
        p1_0.categoria_id=? 
        and p1_0.usuario_codigo=?
2026-06-28T23:07:58.991-03:00 DEBUG 23444 --- [StockHub-Spring] [nio-8080-exec-5] org.hibernate.SQL                        : 
    select
        count(p1_0.id) 
    from
        produto p1_0 
    where
        p1_0.categoria_id=? 
        and p1_0.usuario_codigo=?
Hibernate: 
    select
        count(p1_0.id) 
    from
        produto p1_0 
    where
        p1_0.categoria_id=? 
        and p1_0.usuario_codigo=?
2026-06-28T23:07:58.992-03:00 DEBUG 23444 --- [StockHub-Spring] [nio-8080-exec-5] org.hibernate.SQL                        : 
    select
        count(p1_0.id) 
    from
        produto p1_0 
    where
        p1_0.categoria_id=? 
        and p1_0.usuario_codigo=?
Hibernate: 
    select
        count(p1_0.id) 
    from
        produto p1_0 
    where
        p1_0.categoria_id=? 
        and p1_0.usuario_codigo=?
2026-06-28T23:07:58.993-03:00 DEBUG 23444 --- [StockHub-Spring] [nio-8080-exec-5] org.hibernate.SQL                        : 
    select
        count(p1_0.id) 
    from
        produto p1_0 
    where
        p1_0.usuario_codigo=? 
        and p1_0.quantidade<=p1_0.estoque_minimo
Hibernate: 
    select
        count(p1_0.id) 
    from
        produto p1_0 
    where
        p1_0.usuario_codigo=? 
        and p1_0.quantidade<=p1_0.estoque_minimo
2026-06-28T23:07:58.994-03:00 DEBUG 23444 --- [StockHub-Spring] [nio-8080-exec-5] org.hibernate.SQL                        : 
    select
        p1_0.id,
        p1_0.categoria_id,
        p1_0.descricao,
        p1_0.estoque_minimo,
        p1_0.nome,
        p1_0.preco,
        p1_0.quantidade,
        p1_0.usuario_codigo 
    from
        produto p1_0 
    where
        p1_0.usuario_codigo=? 
    order by
        p1_0.id desc
Hibernate: 
    select
        p1_0.id,
        p1_0.categoria_id,
        p1_0.descricao,
        p1_0.estoque_minimo,
        p1_0.nome,
        p1_0.preco,
        p1_0.quantidade,
        p1_0.usuario_codigo 
    from
        produto p1_0 
    where
        p1_0.usuario_codigo=? 
    order by
        p1_0.id desc
2026-06-28T23:07:58.995-03:00 DEBUG 23444 --- [StockHub-Spring] [nio-8080-exec-5] org.hibernate.SQL                        : 
    select
        p1_0.id,
        p1_0.categoria_id,
        p1_0.descricao,
        p1_0.estoque_minimo,
        p1_0.nome,
        p1_0.preco,
        p1_0.quantidade,
        p1_0.usuario_codigo 
    from
        produto p1_0 
    where
        p1_0.usuario_codigo=? 
        and p1_0.quantidade<=p1_0.estoque_minimo 
    order by
        p1_0.quantidade,
        p1_0.nome
Hibernate: 
    select
        p1_0.id,
        p1_0.categoria_id,
        p1_0.descricao,
        p1_0.estoque_minimo,
        p1_0.nome,
        p1_0.preco,
        p1_0.quantidade,
        p1_0.usuario_codigo 
    from
        produto p1_0 
    where
        p1_0.usuario_codigo=? 
        and p1_0.quantidade<=p1_0.estoque_minimo 
    order by
        p1_0.quantidade,
        p1_0.nome
2026-06-28T23:07:58.998-03:00 DEBUG 23444 --- [StockHub-Spring] [nio-8080-exec-5] o.s.w.s.v.ContentNegotiatingViewResolver : Selected 'text/html' given [text/html, application/xhtml+xml, image/avif, image/webp, image/apng, application/xml;q=0.9, */*;q=0.8]
2026-06-28T23:07:58.998-03:00 DEBUG 23444 --- [StockHub-Spring] [nio-8080-exec-5] o.s.web.servlet.view.JstlView            : View name [dashboard], model {usuarioLogado=org.example.stockhubspring.model.Usuario@7ef16926, resumo=org.example.stockhubspring.model.ResumoEstoque@115a8aff, produtosRecentes=[org.example.stockhubspring.model.Produto@45c72ab, org.example.stockhubspring.model.Produto@789abbbf, org.example.stockhubspring.model.Produto@558cfc53, org.example.stockhubspring.model.Produto@29da28ba, org.example.stockhubspring.model.Produto@4ef4ce00, org.example.stockhubspring.model.Produto@639ed322], produtosEstoqueBaixo=[org.example.stockhubspring.model.Produto@29da28ba, org.example.stockhubspring.model.Produto@4149446a, org.example.stockhubspring.model.Produto@462f90b4, org.example.stockhubspring.model.Produto@513bf2ab, org.example.stockhubspring.model.Produto@7b1e41d7, org.example.stockhubspring.model.Produto@13752d36], org.springframework.validation.BindingResult.usuarioLogado=org.springframework.validation.BeanPropertyBindingResult: 0 errors, org.springframework.validation.BindingResult.resumo=org.springframework.validation.BeanPropertyBindingResult: 0 errors}
2026-06-28T23:07:58.999-03:00 DEBUG 23444 --- [StockHub-Spring] [nio-8080-exec-5] o.s.web.servlet.view.JstlView            : Forwarding to [/WEB-INF/pages/dashboard.jsp]
2026-06-28T23:07:59.002-03:00 DEBUG 23444 --- [StockHub-Spring] [nio-8080-exec-5] o.s.web.servlet.DispatcherServlet        : Completed 200 OK
2026-06-28T23:08:01.667-03:00 DEBUG 23444 --- [StockHub-Spring] [nio-8080-exec-3] o.s.web.servlet.DispatcherServlet        : GET "/estoque", parameters={}
2026-06-28T23:08:01.668-03:00 DEBUG 23444 --- [StockHub-Spring] [nio-8080-exec-3] s.w.s.m.m.a.RequestMappingHandlerMapping : Mapped to org.example.stockhubspring.controller.EstoqueController#movimentacoes(Model)
2026-06-28T23:08:01.669-03:00 DEBUG 23444 --- [StockHub-Spring] [nio-8080-exec-3] org.hibernate.SQL                        : 
    select
        p1_0.id,
        p1_0.categoria_id,
        p1_0.descricao,
        p1_0.estoque_minimo,
        p1_0.nome,
        p1_0.preco,
        p1_0.quantidade,
        p1_0.usuario_codigo 
    from
        produto p1_0 
    where
        p1_0.usuario_codigo=? 
    order by
        p1_0.id desc
Hibernate: 
    select
        p1_0.id,
        p1_0.categoria_id,
        p1_0.descricao,
        p1_0.estoque_minimo,
        p1_0.nome,
        p1_0.preco,
        p1_0.quantidade,
        p1_0.usuario_codigo 
    from
        produto p1_0 
    where
        p1_0.usuario_codigo=? 
    order by
        p1_0.id desc
2026-06-28T23:08:01.675-03:00 DEBUG 23444 --- [StockHub-Spring] [nio-8080-exec-3] org.hibernate.SQL                        : 
    select
        me1_0.id,
        me1_0.criado_em,
        me1_0.observacao,
        me1_0.produto_id,
        me1_0.quantidade,
        me1_0.tipo,
        me1_0.usuario_codigo 
    from
        movimentacao_estoque me1_0 
    where
        me1_0.usuario_codigo=? 
    order by
        me1_0.criado_em desc
Hibernate: 
    select
        me1_0.id,
        me1_0.criado_em,
        me1_0.observacao,
        me1_0.produto_id,
        me1_0.quantidade,
        me1_0.tipo,
        me1_0.usuario_codigo 
    from
        movimentacao_estoque me1_0 
    where
        me1_0.usuario_codigo=? 
    order by
        me1_0.criado_em desc
2026-06-28T23:08:01.677-03:00 DEBUG 23444 --- [StockHub-Spring] [nio-8080-exec-3] o.s.w.s.v.ContentNegotiatingViewResolver : Selected 'text/html' given [text/html, application/xhtml+xml, image/avif, image/webp, image/apng, application/xml;q=0.9, */*;q=0.8]
2026-06-28T23:08:01.677-03:00 DEBUG 23444 --- [StockHub-Spring] [nio-8080-exec-3] o.s.web.servlet.view.JstlView            : View name [estoque], model {usuarioLogado=org.example.stockhubspring.model.Usuario@7ef16926, produtos=[org.example.stockhubspring.model.Produto@5c5b160c, org.example.stockhubspring.model.Produto@56230d5a, org.example.stockhubspring.model.Produto@58b9e655, org.example.stockhubspring.model.Produto@35a27356, org.example.stockhubspring.model.Produto@31cde898, org.example.stockhubspring.model.Produto@7f4a6a26, org.example.stockhubspring.model.Produto@68d6a0d4, org.example.stockhubspring.model.Produto@4ec8565b, org.example.stockhubspring.model.Produto@109ffe32, org.example.stockhubspring.model.Produto@3ca8ad5d, org.example.stockhubspring.model.Produto@61a56a1c, org.example.stockhubspring.model.Produto@6dd392fd, org.example.stockhubspring.model.Produto@2d29f1b, org.example.stockhubspring.model.Produto@7be91859, org.example.stockhubspring.model.Produto@315678b2, org.example.stockhubspring.model.Produto@40e3501f, org.example.stockhubspring.model.Produto@565f355f, org.example.stockhubspring.model.Produto@65c7d41d, org.example.stockhubspring.model.Produto@6756a3ff, org.example.stockhubspring.model.Produto@3d6f64a2, org.example.stockhubspring.model.Produto@12b55b9d, org.example.stockhubspring.model.Produto@498902ea, org.example.stockhubspring.model.Produto@1b12197f, org.example.stockhubspring.model.Produto@5d1e34cb, org.example.stockhubspring.model.Produto@65cff546, org.example.stockhubspring.model.Produto@64503547, org.example.stockhubspring.model.Produto@6f820153, org.example.stockhubspring.model.Produto@4316d804, org.example.stockhubspring.model.Produto@596970e5, org.example.stockhubspring.model.Produto@3c768c82, org.example.stockhubspring.model.Produto@43818ac6, org.example.stockhubspring.model.Produto@36a2bc4a, org.example.stockhubspring.model.Produto@245e0c23, org.example.stockhubspring.model.Produto@2c4486b6, org.example.stockhubspring.model.Produto@635cee42, org.example.stockhubspring.model.Produto@403f5e8f, org.example.stockhubspring.model.Produto@14d46dbf, org.example.stockhubspring.model.Produto@1cad28a5, org.example.stockhubspring.model.Produto@1887fb8c, org.example.stockhubspring.model.Produto@22761535, org.example.stockhubspring.model.Produto@15783d51, org.example.stockhubspring.model.Produto@60e5c75b, org.example.stockhubspring.model.Produto@47991b50, org.example.stockhubspring.model.Produto@55d4612b, org.example.stockhubspring.model.Produto@1124c75, org.example.stockhubspring.model.Produto@4f038c13, org.example.stockhubspring.model.Produto@404f4d38, org.example.stockhubspring.model.Produto@3664b123, org.example.stockhubspring.model.Produto@2586227e, org.example.stockhubspring.model.Produto@763641c9, org.example.stockhubspring.model.Produto@4caae4ba, org.example.stockhubspring.model.Produto@5f54b9a5, org.example.stockhubspring.model.Produto@4b55e5e3, org.example.stockhubspring.model.Produto@fa9dd49, org.example.stockhubspring.model.Produto@14bd7732, org.example.stockhubspring.model.Produto@6e5e7d91, org.example.stockhubspring.model.Produto@ac0f744, org.example.stockhubspring.model.Produto@4b4230c0, org.example.stockhubspring.model.Produto@34b9da7d, org.example.stockhubspring.model.Produto@29968b8e, org.example.stockhubspring.model.Produto@2461232f, org.example.stockhubspring.model.Produto@7effc353, org.example.stockhubspring.model.Produto@4ef84c3, org.example.stockhubspring.model.Produto@19b8a52b, org.example.stockhubspring.model.Produto@346d8568, org.example.stockhubspring.model.Produto@34882ded, org.example.stockhubspring.model.Produto@4cb96e23, org.example.stockhubspring.model.Produto@10f40b62, org.example.stockhubspring.model.Produto@486a9ad1, org.example.stockhubspring.model.Produto@3d783174, org.example.stockhubspring.model.Produto@3a37988e, org.example.stockhubspring.model.Produto@aa82bb1, org.example.stockhubspring.model.Produto@16088427, org.example.stockhubspring.model.Produto@6a87e403, org.example.stockhubspring.model.Produto@6cf2f235, org.example.stockhubspring.model.Produto@274cb9b9, org.example.stockhubspring.model.Produto@753738cb, org.example.stockhubspring.model.Produto@20c57d92, org.example.stockhubspring.model.Produto@5bdd50e5, org.example.stockhubspring.model.Produto@199ebb56, org.example.stockhubspring.model.Produto@552329ce, org.example.stockhubspring.model.Produto@5e81e715, org.example.stockhubspring.model.Produto@6feade58, org.example.stockhubspring.model.Produto@3428cf8, org.example.stockhubspring.model.Produto@4f63b807, org.example.stockhubspring.model.Produto@1e0b47b1, org.example.stockhubspring.model.Produto@27aa5236], movimentacoes=[], tipos=[Lorg.example.stockhubspring.model.TipoMovimentacao;@bf6b835, org.springframework.validation.BindingResult.usuarioLogado=org.springframework.validation.BeanPropertyBindingResult: 0 errors}
2026-06-28T23:08:01.677-03:00 DEBUG 23444 --- [StockHub-Spring] [nio-8080-exec-3] o.s.web.servlet.view.JstlView            : Forwarding to [/WEB-INF/pages/estoque.jsp]
2026-06-28T23:08:01.680-03:00 DEBUG 23444 --- [StockHub-Spring] [nio-8080-exec-3] o.s.web.servlet.DispatcherServlet        : Completed 200 OK
2026-06-28T23:08:37.129-03:00 DEBUG 23444 --- [StockHub-Spring] [nio-8080-exec-4] o.s.web.servlet.DispatcherServlet        : GET "/produtos", parameters={}
2026-06-28T23:08:37.130-03:00 DEBUG 23444 --- [StockHub-Spring] [nio-8080-exec-4] s.w.s.m.m.a.RequestMappingHandlerMapping : Mapped to org.example.stockhubspring.controller.ProdutoController#listar(String, Integer, String, Integer, String, String, String, int, int, Model)
2026-06-28T23:08:37.135-03:00 DEBUG 23444 --- [StockHub-Spring] [nio-8080-exec-4] org.hibernate.SQL                        : 
    select
        p1_0.id,
        p1_0.categoria_id,
        p1_0.descricao,
        p1_0.estoque_minimo,
        p1_0.nome,
        p1_0.preco,
        p1_0.quantidade,
        p1_0.usuario_codigo 
    from
        produto p1_0 
    where
        p1_0.usuario_codigo=? 
    order by
        p1_0.id desc
Hibernate: 
    select
        p1_0.id,
        p1_0.categoria_id,
        p1_0.descricao,
        p1_0.estoque_minimo,
        p1_0.nome,
        p1_0.preco,
        p1_0.quantidade,
        p1_0.usuario_codigo 
    from
        produto p1_0 
    where
        p1_0.usuario_codigo=? 
    order by
        p1_0.id desc
2026-06-28T23:08:37.141-03:00 DEBUG 23444 --- [StockHub-Spring] [nio-8080-exec-4] org.hibernate.SQL                        : 
    select
        c1_0.id,
        c1_0.descricao,
        c1_0.nome,
        c1_0.usuario_codigo 
    from
        categoria c1_0 
    where
        c1_0.usuario_codigo=? 
    order by
        c1_0.nome
Hibernate: 
    select
        c1_0.id,
        c1_0.descricao,
        c1_0.nome,
        c1_0.usuario_codigo 
    from
        categoria c1_0 
    where
        c1_0.usuario_codigo=? 
    order by
        c1_0.nome
2026-06-28T23:08:37.145-03:00 DEBUG 23444 --- [StockHub-Spring] [nio-8080-exec-4] org.hibernate.SQL                        : 
    select
        count(p1_0.id) 
    from
        produto p1_0 
    where
        p1_0.categoria_id=? 
        and p1_0.usuario_codigo=?
Hibernate: 
    select
        count(p1_0.id) 
    from
        produto p1_0 
    where
        p1_0.categoria_id=? 
        and p1_0.usuario_codigo=?
2026-06-28T23:08:37.147-03:00 DEBUG 23444 --- [StockHub-Spring] [nio-8080-exec-4] org.hibernate.SQL                        : 
    select
        count(p1_0.id) 
    from
        produto p1_0 
    where
        p1_0.categoria_id=? 
        and p1_0.usuario_codigo=?
Hibernate: 
    select
        count(p1_0.id) 
    from
        produto p1_0 
    where
        p1_0.categoria_id=? 
        and p1_0.usuario_codigo=?
2026-06-28T23:08:37.148-03:00 DEBUG 23444 --- [StockHub-Spring] [nio-8080-exec-4] org.hibernate.SQL                        : 
    select
        count(p1_0.id) 
    from
        produto p1_0 
    where
        p1_0.categoria_id=? 
        and p1_0.usuario_codigo=?
Hibernate: 
    select
        count(p1_0.id) 
    from
        produto p1_0 
    where
        p1_0.categoria_id=? 
        and p1_0.usuario_codigo=?
2026-06-28T23:08:37.149-03:00 DEBUG 23444 --- [StockHub-Spring] [nio-8080-exec-4] org.hibernate.SQL                        : 
    select
        count(p1_0.id) 
    from
        produto p1_0 
    where
        p1_0.categoria_id=? 
        and p1_0.usuario_codigo=?
Hibernate: 
    select
        count(p1_0.id) 
    from
        produto p1_0 
    where
        p1_0.categoria_id=? 
        and p1_0.usuario_codigo=?
2026-06-28T23:08:37.150-03:00 DEBUG 23444 --- [StockHub-Spring] [nio-8080-exec-4] org.hibernate.SQL                        : 
    select
        count(p1_0.id) 
    from
        produto p1_0 
    where
        p1_0.categoria_id=? 
        and p1_0.usuario_codigo=?
Hibernate: 
    select
        count(p1_0.id) 
    from
        produto p1_0 
    where
        p1_0.categoria_id=? 
        and p1_0.usuario_codigo=?
2026-06-28T23:08:37.152-03:00 DEBUG 23444 --- [StockHub-Spring] [nio-8080-exec-4] org.hibernate.SQL                        : 
    select
        count(p1_0.id) 
    from
        produto p1_0 
    where
        p1_0.categoria_id=? 
        and p1_0.usuario_codigo=?
Hibernate: 
    select
        count(p1_0.id) 
    from
        produto p1_0 
    where
        p1_0.categoria_id=? 
        and p1_0.usuario_codigo=?
2026-06-28T23:08:37.153-03:00 DEBUG 23444 --- [StockHub-Spring] [nio-8080-exec-4] org.hibernate.SQL                        : 
    select
        count(p1_0.id) 
    from
        produto p1_0 
    where
        p1_0.categoria_id=? 
        and p1_0.usuario_codigo=?
Hibernate: 
    select
        count(p1_0.id) 
    from
        produto p1_0 
    where
        p1_0.categoria_id=? 
        and p1_0.usuario_codigo=?
2026-06-28T23:08:37.154-03:00 DEBUG 23444 --- [StockHub-Spring] [nio-8080-exec-4] org.hibernate.SQL                        : 
    select
        count(p1_0.id) 
    from
        produto p1_0 
    where
        p1_0.categoria_id=? 
        and p1_0.usuario_codigo=?
Hibernate: 
    select
        count(p1_0.id) 
    from
        produto p1_0 
    where
        p1_0.categoria_id=? 
        and p1_0.usuario_codigo=?
2026-06-28T23:08:37.156-03:00 DEBUG 23444 --- [StockHub-Spring] [nio-8080-exec-4] org.hibernate.SQL                        : 
    select
        count(p1_0.id) 
    from
        produto p1_0 
    where
        p1_0.categoria_id=? 
        and p1_0.usuario_codigo=?
Hibernate: 
    select
        count(p1_0.id) 
    from
        produto p1_0 
    where
        p1_0.categoria_id=? 
        and p1_0.usuario_codigo=?
2026-06-28T23:08:37.157-03:00 DEBUG 23444 --- [StockHub-Spring] [nio-8080-exec-4] org.hibernate.SQL                        : 
    select
        count(p1_0.id) 
    from
        produto p1_0 
    where
        p1_0.categoria_id=? 
        and p1_0.usuario_codigo=?
Hibernate: 
    select
        count(p1_0.id) 
    from
        produto p1_0 
    where
        p1_0.categoria_id=? 
        and p1_0.usuario_codigo=?
2026-06-28T23:08:37.159-03:00 DEBUG 23444 --- [StockHub-Spring] [nio-8080-exec-4] org.hibernate.SQL                        : 
    select
        count(p1_0.id) 
    from
        produto p1_0 
    where
        p1_0.categoria_id=? 
        and p1_0.usuario_codigo=?
Hibernate: 
    select
        count(p1_0.id) 
    from
        produto p1_0 
    where
        p1_0.categoria_id=? 
        and p1_0.usuario_codigo=?
2026-06-28T23:08:37.160-03:00 DEBUG 23444 --- [StockHub-Spring] [nio-8080-exec-4] org.hibernate.SQL                        : 
    select
        count(p1_0.id) 
    from
        produto p1_0 
    where
        p1_0.categoria_id=? 
        and p1_0.usuario_codigo=?
Hibernate: 
    select
        count(p1_0.id) 
    from
        produto p1_0 
    where
        p1_0.categoria_id=? 
        and p1_0.usuario_codigo=?
2026-06-28T23:08:37.162-03:00 DEBUG 23444 --- [StockHub-Spring] [nio-8080-exec-4] org.hibernate.SQL                        : 
    select
        count(p1_0.id) 
    from
        produto p1_0 
    where
        p1_0.categoria_id=? 
        and p1_0.usuario_codigo=?
Hibernate: 
    select
        count(p1_0.id) 
    from
        produto p1_0 
    where
        p1_0.categoria_id=? 
        and p1_0.usuario_codigo=?
2026-06-28T23:08:37.163-03:00 DEBUG 23444 --- [StockHub-Spring] [nio-8080-exec-4] org.hibernate.SQL                        : 
    select
        count(p1_0.id) 
    from
        produto p1_0 
    where
        p1_0.categoria_id=? 
        and p1_0.usuario_codigo=?
Hibernate: 
    select
        count(p1_0.id) 
    from
        produto p1_0 
    where
        p1_0.categoria_id=? 
        and p1_0.usuario_codigo=?
2026-06-28T23:08:37.164-03:00 DEBUG 23444 --- [StockHub-Spring] [nio-8080-exec-4] org.hibernate.SQL                        : 
    select
        count(p1_0.id) 
    from
        produto p1_0 
    where
        p1_0.categoria_id=? 
        and p1_0.usuario_codigo=?
Hibernate: 
    select
        count(p1_0.id) 
    from
        produto p1_0 
    where
        p1_0.categoria_id=? 
        and p1_0.usuario_codigo=?
2026-06-28T23:08:37.168-03:00 DEBUG 23444 --- [StockHub-Spring] [nio-8080-exec-4] o.s.w.s.v.ContentNegotiatingViewResolver : Selected 'text/html' given [text/html, application/xhtml+xml, image/avif, image/webp, image/apng, application/xml;q=0.9, */*;q=0.8]
2026-06-28T23:08:37.168-03:00 DEBUG 23444 --- [StockHub-Spring] [nio-8080-exec-4] o.s.web.servlet.view.JstlView            : View name [produtos], model {usuarioLogado=org.example.stockhubspring.model.Usuario@7ef16926, produtos=[org.example.stockhubspring.model.Produto@6d9d45c0, org.example.stockhubspring.model.Produto@50ecaf15, org.example.stockhubspring.model.Produto@4bfe50d3, org.example.stockhubspring.model.Produto@11119349, org.example.stockhubspring.model.Produto@162577ee, org.example.stockhubspring.model.Produto@2304e638, org.example.stockhubspring.model.Produto@1a454243, org.example.stockhubspring.model.Produto@7d30199], categorias=[org.example.stockhubspring.model.Categoria@3e80c1c8, org.example.stockhubspring.model.Categoria@40be99b4, org.example.stockhubspring.model.Categoria@11ce607c, org.example.stockhubspring.model.Categoria@4923697, org.example.stockhubspring.model.Categoria@3c24294c, org.example.stockhubspring.model.Categoria@8637445, org.example.stockhubspring.model.Categoria@6a4c28b5, org.example.stockhubspring.model.Categoria@7f7f8de5, org.example.stockhubspring.model.Categoria@628ca50f, org.example.stockhubspring.model.Categoria@71de2447, org.example.stockhubspring.model.Categoria@7adca349, org.example.stockhubspring.model.Categoria@794f1952, org.example.stockhubspring.model.Categoria@7e6c7fa9, org.example.stockhubspring.model.Categoria@7e10903f, org.example.stockhubspring.model.Categoria@6149a25f], busca=null, categoriaId=null, nivelEstoque=null, ordenacao=id, direcao=desc, direcaoInversa=asc, paginaAtual=1, totalPaginas=11, totalProdutosFiltro=87, tamanho=8, parametrosFiltros=&ordenacao=id&tamanho=8, org.springframework.validation.BindingResult.usuarioLogado=org.springframework.validation.BeanPropertyBindingResult: 0 errors}
2026-06-28T23:08:37.169-03:00 DEBUG 23444 --- [StockHub-Spring] [nio-8080-exec-4] o.s.web.servlet.view.JstlView            : Forwarding to [/WEB-INF/pages/produtos.jsp]
2026-06-28T23:08:37.292-03:00 DEBUG 23444 --- [StockHub-Spring] [nio-8080-exec-4] o.s.web.servlet.DispatcherServlet        : Completed 200 OK
2026-06-28T23:08:44.180-03:00 DEBUG 23444 --- [StockHub-Spring] [nio-8080-exec-6] o.s.web.servlet.DispatcherServlet        : GET "/produtos/87/editar", parameters={}
2026-06-28T23:08:44.181-03:00 DEBUG 23444 --- [StockHub-Spring] [nio-8080-exec-6] s.w.s.m.m.a.RequestMappingHandlerMapping : Mapped to org.example.stockhubspring.controller.ProdutoController#editar(Integer, Model)
2026-06-28T23:08:44.186-03:00 DEBUG 23444 --- [StockHub-Spring] [nio-8080-exec-6] org.hibernate.SQL                        : 
    select
        p1_0.id,
        p1_0.categoria_id,
        p1_0.descricao,
        p1_0.estoque_minimo,
        p1_0.nome,
        p1_0.preco,
        p1_0.quantidade,
        p1_0.usuario_codigo 
    from
        produto p1_0 
    where
        p1_0.id=? 
        and p1_0.usuario_codigo=?
Hibernate: 
    select
        p1_0.id,
        p1_0.categoria_id,
        p1_0.descricao,
        p1_0.estoque_minimo,
        p1_0.nome,
        p1_0.preco,
        p1_0.quantidade,
        p1_0.usuario_codigo 
    from
        produto p1_0 
    where
        p1_0.id=? 
        and p1_0.usuario_codigo=?
2026-06-28T23:08:44.190-03:00 DEBUG 23444 --- [StockHub-Spring] [nio-8080-exec-6] org.hibernate.SQL                        : 
    select
        c1_0.id,
        c1_0.descricao,
        c1_0.nome,
        c1_0.usuario_codigo 
    from
        categoria c1_0 
    where
        c1_0.usuario_codigo=? 
    order by
        c1_0.nome
Hibernate: 
    select
        c1_0.id,
        c1_0.descricao,
        c1_0.nome,
        c1_0.usuario_codigo 
    from
        categoria c1_0 
    where
        c1_0.usuario_codigo=? 
    order by
        c1_0.nome
2026-06-28T23:08:44.190-03:00 DEBUG 23444 --- [StockHub-Spring] [nio-8080-exec-6] org.hibernate.SQL                        : 
    select
        count(p1_0.id) 
    from
        produto p1_0 
    where
        p1_0.categoria_id=? 
        and p1_0.usuario_codigo=?
Hibernate: 
    select
        count(p1_0.id) 
    from
        produto p1_0 
    where
        p1_0.categoria_id=? 
        and p1_0.usuario_codigo=?
2026-06-28T23:08:44.191-03:00 DEBUG 23444 --- [StockHub-Spring] [nio-8080-exec-6] org.hibernate.SQL                        : 
    select
        count(p1_0.id) 
    from
        produto p1_0 
    where
        p1_0.categoria_id=? 
        and p1_0.usuario_codigo=?
Hibernate: 
    select
        count(p1_0.id) 
    from
        produto p1_0 
    where
        p1_0.categoria_id=? 
        and p1_0.usuario_codigo=?
2026-06-28T23:08:44.192-03:00 DEBUG 23444 --- [StockHub-Spring] [nio-8080-exec-6] org.hibernate.SQL                        : 
    select
        count(p1_0.id) 
    from
        produto p1_0 
    where
        p1_0.categoria_id=? 
        and p1_0.usuario_codigo=?
Hibernate: 
    select
        count(p1_0.id) 
    from
        produto p1_0 
    where
        p1_0.categoria_id=? 
        and p1_0.usuario_codigo=?
2026-06-28T23:08:44.192-03:00 DEBUG 23444 --- [StockHub-Spring] [nio-8080-exec-6] org.hibernate.SQL                        : 
    select
        count(p1_0.id) 
    from
        produto p1_0 
    where
        p1_0.categoria_id=? 
        and p1_0.usuario_codigo=?
Hibernate: 
    select
        count(p1_0.id) 
    from
        produto p1_0 
    where
        p1_0.categoria_id=? 
        and p1_0.usuario_codigo=?
2026-06-28T23:08:44.193-03:00 DEBUG 23444 --- [StockHub-Spring] [nio-8080-exec-6] org.hibernate.SQL                        : 
    select
        count(p1_0.id) 
    from
        produto p1_0 
    where
        p1_0.categoria_id=? 
        and p1_0.usuario_codigo=?
Hibernate: 
    select
        count(p1_0.id) 
    from
        produto p1_0 
    where
        p1_0.categoria_id=? 
        and p1_0.usuario_codigo=?
2026-06-28T23:08:44.195-03:00 DEBUG 23444 --- [StockHub-Spring] [nio-8080-exec-6] org.hibernate.SQL                        : 
    select
        count(p1_0.id) 
    from
        produto p1_0 
    where
        p1_0.categoria_id=? 
        and p1_0.usuario_codigo=?
Hibernate: 
    select
        count(p1_0.id) 
    from
        produto p1_0 
    where
        p1_0.categoria_id=? 
        and p1_0.usuario_codigo=?
2026-06-28T23:08:44.196-03:00 DEBUG 23444 --- [StockHub-Spring] [nio-8080-exec-6] org.hibernate.SQL                        : 
    select
        count(p1_0.id) 
    from
        produto p1_0 
    where
        p1_0.categoria_id=? 
        and p1_0.usuario_codigo=?
Hibernate: 
    select
        count(p1_0.id) 
    from
        produto p1_0 
    where
        p1_0.categoria_id=? 
        and p1_0.usuario_codigo=?
2026-06-28T23:08:44.197-03:00 DEBUG 23444 --- [StockHub-Spring] [nio-8080-exec-6] org.hibernate.SQL                        : 
    select
        count(p1_0.id) 
    from
        produto p1_0 
    where
        p1_0.categoria_id=? 
        and p1_0.usuario_codigo=?
Hibernate: 
    select
        count(p1_0.id) 
    from
        produto p1_0 
    where
        p1_0.categoria_id=? 
        and p1_0.usuario_codigo=?
2026-06-28T23:08:44.198-03:00 DEBUG 23444 --- [StockHub-Spring] [nio-8080-exec-6] org.hibernate.SQL                        : 
    select
        count(p1_0.id) 
    from
        produto p1_0 
    where
        p1_0.categoria_id=? 
        and p1_0.usuario_codigo=?
Hibernate: 
    select
        count(p1_0.id) 
    from
        produto p1_0 
    where
        p1_0.categoria_id=? 
        and p1_0.usuario_codigo=?
2026-06-28T23:08:44.199-03:00 DEBUG 23444 --- [StockHub-Spring] [nio-8080-exec-6] org.hibernate.SQL                        : 
    select
        count(p1_0.id) 
    from
        produto p1_0 
    where
        p1_0.categoria_id=? 
        and p1_0.usuario_codigo=?
Hibernate: 
    select
        count(p1_0.id) 
    from
        produto p1_0 
    where
        p1_0.categoria_id=? 
        and p1_0.usuario_codigo=?
2026-06-28T23:08:44.200-03:00 DEBUG 23444 --- [StockHub-Spring] [nio-8080-exec-6] org.hibernate.SQL                        : 
    select
        count(p1_0.id) 
    from
        produto p1_0 
    where
        p1_0.categoria_id=? 
        and p1_0.usuario_codigo=?
Hibernate: 
    select
        count(p1_0.id) 
    from
        produto p1_0 
    where
        p1_0.categoria_id=? 
        and p1_0.usuario_codigo=?
2026-06-28T23:08:44.201-03:00 DEBUG 23444 --- [StockHub-Spring] [nio-8080-exec-6] org.hibernate.SQL                        : 
    select
        count(p1_0.id) 
    from
        produto p1_0 
    where
        p1_0.categoria_id=? 
        and p1_0.usuario_codigo=?
Hibernate: 
    select
        count(p1_0.id) 
    from
        produto p1_0 
    where
        p1_0.categoria_id=? 
        and p1_0.usuario_codigo=?
2026-06-28T23:08:44.201-03:00 DEBUG 23444 --- [StockHub-Spring] [nio-8080-exec-6] org.hibernate.SQL                        : 
    select
        count(p1_0.id) 
    from
        produto p1_0 
    where
        p1_0.categoria_id=? 
        and p1_0.usuario_codigo=?
Hibernate: 
    select
        count(p1_0.id) 
    from
        produto p1_0 
    where
        p1_0.categoria_id=? 
        and p1_0.usuario_codigo=?
2026-06-28T23:08:44.202-03:00 DEBUG 23444 --- [StockHub-Spring] [nio-8080-exec-6] org.hibernate.SQL                        : 
    select
        count(p1_0.id) 
    from
        produto p1_0 
    where
        p1_0.categoria_id=? 
        and p1_0.usuario_codigo=?
Hibernate: 
    select
        count(p1_0.id) 
    from
        produto p1_0 
    where
        p1_0.categoria_id=? 
        and p1_0.usuario_codigo=?
2026-06-28T23:08:44.203-03:00 DEBUG 23444 --- [StockHub-Spring] [nio-8080-exec-6] org.hibernate.SQL                        : 
    select
        count(p1_0.id) 
    from
        produto p1_0 
    where
        p1_0.categoria_id=? 
        and p1_0.usuario_codigo=?
Hibernate: 
    select
        count(p1_0.id) 
    from
        produto p1_0 
    where
        p1_0.categoria_id=? 
        and p1_0.usuario_codigo=?
2026-06-28T23:08:44.205-03:00 DEBUG 23444 --- [StockHub-Spring] [nio-8080-exec-6] o.s.w.s.v.ContentNegotiatingViewResolver : Selected 'text/html' given [text/html, application/xhtml+xml, image/avif, image/webp, image/apng, application/xml;q=0.9, */*;q=0.8]
2026-06-28T23:08:44.205-03:00 DEBUG 23444 --- [StockHub-Spring] [nio-8080-exec-6] o.s.web.servlet.view.JstlView            : View name [produto-form], model {usuarioLogado=org.example.stockhubspring.model.Usuario@7ef16926, produto=org.example.stockhubspring.model.Produto@234dc6b4, categorias=[org.example.stockhubspring.model.Categoria@51ea69a2, org.example.stockhubspring.model.Categoria@1cdf7d4d, org.example.stockhubspring.model.Categoria@2d1ef720, org.example.stockhubspring.model.Categoria@214894ce, org.example.stockhubspring.model.Categoria@23ed4e3c, org.example.stockhubspring.model.Categoria@443f6a19, org.example.stockhubspring.model.Categoria@1e422249, org.example.stockhubspring.model.Categoria@7bc92bab, org.example.stockhubspring.model.Categoria@321c1640, org.example.stockhubspring.model.Categoria@d4cddb8, org.example.stockhubspring.model.Categoria@213e632, org.example.stockhubspring.model.Categoria@30b501a8, org.example.stockhubspring.model.Categoria@62c9bfe8, org.example.stockhubspring.model.Categoria@9031f14, org.example.stockhubspring.model.Categoria@14bc5a70], org.springframework.validation.BindingResult.usuarioLogado=org.springframework.validation.BeanPropertyBindingResult: 0 errors, org.springframework.validation.BindingResult.produto=org.springframework.validation.BeanPropertyBindingResult: 0 errors}
2026-06-28T23:08:44.205-03:00 DEBUG 23444 --- [StockHub-Spring] [nio-8080-exec-6] o.s.web.servlet.view.JstlView            : Forwarding to [/WEB-INF/pages/produto-form.jsp]
2026-06-28T23:08:44.297-03:00 DEBUG 23444 --- [StockHub-Spring] [nio-8080-exec-6] o.s.web.servlet.DispatcherServlet        : Completed 200 OK
2026-06-28T23:08:48.127-03:00 DEBUG 23444 --- [StockHub-Spring] [nio-8080-exec-7] o.s.web.servlet.DispatcherServlet        : GET "/produtos", parameters={}
2026-06-28T23:08:48.128-03:00 DEBUG 23444 --- [StockHub-Spring] [nio-8080-exec-7] s.w.s.m.m.a.RequestMappingHandlerMapping : Mapped to org.example.stockhubspring.controller.ProdutoController#listar(String, Integer, String, Integer, String, String, String, int, int, Model)
2026-06-28T23:08:48.130-03:00 DEBUG 23444 --- [StockHub-Spring] [nio-8080-exec-7] org.hibernate.SQL                        : 
    select
        p1_0.id,
        p1_0.categoria_id,
        p1_0.descricao,
        p1_0.estoque_minimo,
        p1_0.nome,
        p1_0.preco,
        p1_0.quantidade,
        p1_0.usuario_codigo 
    from
        produto p1_0 
    where
        p1_0.usuario_codigo=? 
    order by
        p1_0.id desc
Hibernate: 
    select
        p1_0.id,
        p1_0.categoria_id,
        p1_0.descricao,
        p1_0.estoque_minimo,
        p1_0.nome,
        p1_0.preco,
        p1_0.quantidade,
        p1_0.usuario_codigo 
    from
        produto p1_0 
    where
        p1_0.usuario_codigo=? 
    order by
        p1_0.id desc
2026-06-28T23:08:48.134-03:00 DEBUG 23444 --- [StockHub-Spring] [nio-8080-exec-7] org.hibernate.SQL                        : 
    select
        c1_0.id,
        c1_0.descricao,
        c1_0.nome,
        c1_0.usuario_codigo 
    from
        categoria c1_0 
    where
        c1_0.usuario_codigo=? 
    order by
        c1_0.nome
Hibernate: 
    select
        c1_0.id,
        c1_0.descricao,
        c1_0.nome,
        c1_0.usuario_codigo 
    from
        categoria c1_0 
    where
        c1_0.usuario_codigo=? 
    order by
        c1_0.nome
2026-06-28T23:08:48.136-03:00 DEBUG 23444 --- [StockHub-Spring] [nio-8080-exec-7] org.hibernate.SQL                        : 
    select
        count(p1_0.id) 
    from
        produto p1_0 
    where
        p1_0.categoria_id=? 
        and p1_0.usuario_codigo=?
Hibernate: 
    select
        count(p1_0.id) 
    from
        produto p1_0 
    where
        p1_0.categoria_id=? 
        and p1_0.usuario_codigo=?
2026-06-28T23:08:48.137-03:00 DEBUG 23444 --- [StockHub-Spring] [nio-8080-exec-7] org.hibernate.SQL                        : 
    select
        count(p1_0.id) 
    from
        produto p1_0 
    where
        p1_0.categoria_id=? 
        and p1_0.usuario_codigo=?
Hibernate: 
    select
        count(p1_0.id) 
    from
        produto p1_0 
    where
        p1_0.categoria_id=? 
        and p1_0.usuario_codigo=?
2026-06-28T23:08:48.138-03:00 DEBUG 23444 --- [StockHub-Spring] [nio-8080-exec-7] org.hibernate.SQL                        : 
    select
        count(p1_0.id) 
    from
        produto p1_0 
    where
        p1_0.categoria_id=? 
        and p1_0.usuario_codigo=?
Hibernate: 
    select
        count(p1_0.id) 
    from
        produto p1_0 
    where
        p1_0.categoria_id=? 
        and p1_0.usuario_codigo=?
2026-06-28T23:08:48.139-03:00 DEBUG 23444 --- [StockHub-Spring] [nio-8080-exec-7] org.hibernate.SQL                        : 
    select
        count(p1_0.id) 
    from
        produto p1_0 
    where
        p1_0.categoria_id=? 
        and p1_0.usuario_codigo=?
Hibernate: 
    select
        count(p1_0.id) 
    from
        produto p1_0 
    where
        p1_0.categoria_id=? 
        and p1_0.usuario_codigo=?
2026-06-28T23:08:48.140-03:00 DEBUG 23444 --- [StockHub-Spring] [nio-8080-exec-7] org.hibernate.SQL                        : 
    select
        count(p1_0.id) 
    from
        produto p1_0 
    where
        p1_0.categoria_id=? 
        and p1_0.usuario_codigo=?
Hibernate: 
    select
        count(p1_0.id) 
    from
        produto p1_0 
    where
        p1_0.categoria_id=? 
        and p1_0.usuario_codigo=?
2026-06-28T23:08:48.140-03:00 DEBUG 23444 --- [StockHub-Spring] [nio-8080-exec-7] org.hibernate.SQL                        : 
    select
        count(p1_0.id) 
    from
        produto p1_0 
    where
        p1_0.categoria_id=? 
        and p1_0.usuario_codigo=?
Hibernate: 
    select
        count(p1_0.id) 
    from
        produto p1_0 
    where
        p1_0.categoria_id=? 
        and p1_0.usuario_codigo=?
2026-06-28T23:08:48.142-03:00 DEBUG 23444 --- [StockHub-Spring] [nio-8080-exec-7] org.hibernate.SQL                        : 
    select
        count(p1_0.id) 
    from
        produto p1_0 
    where
        p1_0.categoria_id=? 
        and p1_0.usuario_codigo=?
Hibernate: 
    select
        count(p1_0.id) 
    from
        produto p1_0 
    where
        p1_0.categoria_id=? 
        and p1_0.usuario_codigo=?
2026-06-28T23:08:48.143-03:00 DEBUG 23444 --- [StockHub-Spring] [nio-8080-exec-7] org.hibernate.SQL                        : 
    select
        count(p1_0.id) 
    from
        produto p1_0 
    where
        p1_0.categoria_id=? 
        and p1_0.usuario_codigo=?
Hibernate: 
    select
        count(p1_0.id) 
    from
        produto p1_0 
    where
        p1_0.categoria_id=? 
        and p1_0.usuario_codigo=?
2026-06-28T23:08:48.144-03:00 DEBUG 23444 --- [StockHub-Spring] [nio-8080-exec-7] org.hibernate.SQL                        : 
    select
        count(p1_0.id) 
    from
        produto p1_0 
    where
        p1_0.categoria_id=? 
        and p1_0.usuario_codigo=?
Hibernate: 
    select
        count(p1_0.id) 
    from
        produto p1_0 
    where
        p1_0.categoria_id=? 
        and p1_0.usuario_codigo=?
2026-06-28T23:08:48.146-03:00 DEBUG 23444 --- [StockHub-Spring] [nio-8080-exec-7] org.hibernate.SQL                        : 
    select
        count(p1_0.id) 
    from
        produto p1_0 
    where
        p1_0.categoria_id=? 
        and p1_0.usuario_codigo=?
Hibernate: 
    select
        count(p1_0.id) 
    from
        produto p1_0 
    where
        p1_0.categoria_id=? 
        and p1_0.usuario_codigo=?
2026-06-28T23:08:48.147-03:00 DEBUG 23444 --- [StockHub-Spring] [nio-8080-exec-7] org.hibernate.SQL                        : 
    select
        count(p1_0.id) 
    from
        produto p1_0 
    where
        p1_0.categoria_id=? 
        and p1_0.usuario_codigo=?
Hibernate: 
    select
        count(p1_0.id) 
    from
        produto p1_0 
    where
        p1_0.categoria_id=? 
        and p1_0.usuario_codigo=?
2026-06-28T23:08:48.149-03:00 DEBUG 23444 --- [StockHub-Spring] [nio-8080-exec-7] org.hibernate.SQL                        : 
    select
        count(p1_0.id) 
    from
        produto p1_0 
    where
        p1_0.categoria_id=? 
        and p1_0.usuario_codigo=?
Hibernate: 
    select
        count(p1_0.id) 
    from
        produto p1_0 
    where
        p1_0.categoria_id=? 
        and p1_0.usuario_codigo=?
2026-06-28T23:08:48.150-03:00 DEBUG 23444 --- [StockHub-Spring] [nio-8080-exec-7] org.hibernate.SQL                        : 
    select
        count(p1_0.id) 
    from
        produto p1_0 
    where
        p1_0.categoria_id=? 
        and p1_0.usuario_codigo=?
Hibernate: 
    select
        count(p1_0.id) 
    from
        produto p1_0 
    where
        p1_0.categoria_id=? 
        and p1_0.usuario_codigo=?
2026-06-28T23:08:48.151-03:00 DEBUG 23444 --- [StockHub-Spring] [nio-8080-exec-7] org.hibernate.SQL                        : 
    select
        count(p1_0.id) 
    from
        produto p1_0 
    where
        p1_0.categoria_id=? 
        and p1_0.usuario_codigo=?
Hibernate: 
    select
        count(p1_0.id) 
    from
        produto p1_0 
    where
        p1_0.categoria_id=? 
        and p1_0.usuario_codigo=?
2026-06-28T23:08:48.152-03:00 DEBUG 23444 --- [StockHub-Spring] [nio-8080-exec-7] org.hibernate.SQL                        : 
    select
        count(p1_0.id) 
    from
        produto p1_0 
    where
        p1_0.categoria_id=? 
        and p1_0.usuario_codigo=?
Hibernate: 
    select
        count(p1_0.id) 
    from
        produto p1_0 
    where
        p1_0.categoria_id=? 
        and p1_0.usuario_codigo=?
2026-06-28T23:08:48.153-03:00 DEBUG 23444 --- [StockHub-Spring] [nio-8080-exec-7] o.s.w.s.v.ContentNegotiatingViewResolver : Selected 'text/html' given [text/html, application/xhtml+xml, image/avif, image/webp, image/apng, application/xml;q=0.9, */*;q=0.8]
2026-06-28T23:08:48.153-03:00 DEBUG 23444 --- [StockHub-Spring] [nio-8080-exec-7] o.s.web.servlet.view.JstlView            : View name [produtos], model {usuarioLogado=org.example.stockhubspring.model.Usuario@7ef16926, produtos=[org.example.stockhubspring.model.Produto@240b6f44, org.example.stockhubspring.model.Produto@2acc85b5, org.example.stockhubspring.model.Produto@2ef30434, org.example.stockhubspring.model.Produto@6bf18f8e, org.example.stockhubspring.model.Produto@147fbcfb, org.example.stockhubspring.model.Produto@5ad062ec, org.example.stockhubspring.model.Produto@6cb40f26, org.example.stockhubspring.model.Produto@bde70c1], categorias=[org.example.stockhubspring.model.Categoria@5f574af4, org.example.stockhubspring.model.Categoria@3f86fa99, org.example.stockhubspring.model.Categoria@17886107, org.example.stockhubspring.model.Categoria@1aa57701, org.example.stockhubspring.model.Categoria@7fc09e4b, org.example.stockhubspring.model.Categoria@771af118, org.example.stockhubspring.model.Categoria@23ce36a5, org.example.stockhubspring.model.Categoria@12e240a2, org.example.stockhubspring.model.Categoria@69aba673, org.example.stockhubspring.model.Categoria@4919186f, org.example.stockhubspring.model.Categoria@1bb064f7, org.example.stockhubspring.model.Categoria@1bd7d073, org.example.stockhubspring.model.Categoria@2ffb6544, org.example.stockhubspring.model.Categoria@2e20dab4, org.example.stockhubspring.model.Categoria@362f945b], busca=null, categoriaId=null, nivelEstoque=null, ordenacao=id, direcao=desc, direcaoInversa=asc, paginaAtual=1, totalPaginas=11, totalProdutosFiltro=87, tamanho=8, parametrosFiltros=&ordenacao=id&tamanho=8, org.springframework.validation.BindingResult.usuarioLogado=org.springframework.validation.BeanPropertyBindingResult: 0 errors}
2026-06-28T23:08:48.154-03:00 DEBUG 23444 --- [StockHub-Spring] [nio-8080-exec-7] o.s.web.servlet.view.JstlView            : Forwarding to [/WEB-INF/pages/produtos.jsp]
2026-06-28T23:08:48.157-03:00 DEBUG 23444 --- [StockHub-Spring] [nio-8080-exec-7] o.s.web.servlet.DispatcherServlet        : Completed 200 OK
2026-06-28T23:08:49.980-03:00 DEBUG 23444 --- [StockHub-Spring] [nio-8080-exec-8] o.s.web.servlet.DispatcherServlet        : GET "/estoque", parameters={}
2026-06-28T23:08:49.981-03:00 DEBUG 23444 --- [StockHub-Spring] [nio-8080-exec-8] s.w.s.m.m.a.RequestMappingHandlerMapping : Mapped to org.example.stockhubspring.controller.EstoqueController#movimentacoes(Model)
2026-06-28T23:08:49.983-03:00 DEBUG 23444 --- [StockHub-Spring] [nio-8080-exec-8] org.hibernate.SQL                        : 
    select
        p1_0.id,
        p1_0.categoria_id,
        p1_0.descricao,
        p1_0.estoque_minimo,
        p1_0.nome,
        p1_0.preco,
        p1_0.quantidade,
        p1_0.usuario_codigo 
    from
        produto p1_0 
    where
        p1_0.usuario_codigo=? 
    order by
        p1_0.id desc
Hibernate: 
    select
        p1_0.id,
        p1_0.categoria_id,
        p1_0.descricao,
        p1_0.estoque_minimo,
        p1_0.nome,
        p1_0.preco,
        p1_0.quantidade,
        p1_0.usuario_codigo 
    from
        produto p1_0 
    where
        p1_0.usuario_codigo=? 
    order by
        p1_0.id desc
2026-06-28T23:08:49.985-03:00 DEBUG 23444 --- [StockHub-Spring] [nio-8080-exec-8] org.hibernate.SQL                        : 
    select
        me1_0.id,
        me1_0.criado_em,
        me1_0.observacao,
        me1_0.produto_id,
        me1_0.quantidade,
        me1_0.tipo,
        me1_0.usuario_codigo 
    from
        movimentacao_estoque me1_0 
    where
        me1_0.usuario_codigo=? 
    order by
        me1_0.criado_em desc
Hibernate: 
    select
        me1_0.id,
        me1_0.criado_em,
        me1_0.observacao,
        me1_0.produto_id,
        me1_0.quantidade,
        me1_0.tipo,
        me1_0.usuario_codigo 
    from
        movimentacao_estoque me1_0 
    where
        me1_0.usuario_codigo=? 
    order by
        me1_0.criado_em desc
2026-06-28T23:08:49.986-03:00 DEBUG 23444 --- [StockHub-Spring] [nio-8080-exec-8] o.s.w.s.v.ContentNegotiatingViewResolver : Selected 'text/html' given [text/html, application/xhtml+xml, image/avif, image/webp, image/apng, application/xml;q=0.9, */*;q=0.8]
2026-06-28T23:08:49.987-03:00 DEBUG 23444 --- [StockHub-Spring] [nio-8080-exec-8] o.s.web.servlet.view.JstlView            : View name [estoque], model {usuarioLogado=org.example.stockhubspring.model.Usuario@7ef16926, produtos=[org.example.stockhubspring.model.Produto@10652c24, org.example.stockhubspring.model.Produto@145abaf0, org.example.stockhubspring.model.Produto@5158261f, org.example.stockhubspring.model.Produto@597ec365, org.example.stockhubspring.model.Produto@60c3d062, org.example.stockhubspring.model.Produto@210f6bb0, org.example.stockhubspring.model.Produto@3177d950, org.example.stockhubspring.model.Produto@1e3d51f0, org.example.stockhubspring.model.Produto@6003d295, org.example.stockhubspring.model.Produto@3a0b67ce, org.example.stockhubspring.model.Produto@35398486, org.example.stockhubspring.model.Produto@417ff100, org.example.stockhubspring.model.Produto@3f9614c0, org.example.stockhubspring.model.Produto@5ec231eb, org.example.stockhubspring.model.Produto@27a69301, org.example.stockhubspring.model.Produto@19ef9104, org.example.stockhubspring.model.Produto@1650a6ed, org.example.stockhubspring.model.Produto@595280a5, org.example.stockhubspring.model.Produto@4a7f2e15, org.example.stockhubspring.model.Produto@2ffdf1ef, org.example.stockhubspring.model.Produto@3c094d33, org.example.stockhubspring.model.Produto@7193b5bf, org.example.stockhubspring.model.Produto@422f221e, org.example.stockhubspring.model.Produto@21dd13d, org.example.stockhubspring.model.Produto@740b6498, org.example.stockhubspring.model.Produto@185919eb, org.example.stockhubspring.model.Produto@235df72c, org.example.stockhubspring.model.Produto@4f255e43, org.example.stockhubspring.model.Produto@6025cc9b, org.example.stockhubspring.model.Produto@30630735, org.example.stockhubspring.model.Produto@7c4b7282, org.example.stockhubspring.model.Produto@1979fc0e, org.example.stockhubspring.model.Produto@57f6aaae, org.example.stockhubspring.model.Produto@7f8445ca, org.example.stockhubspring.model.Produto@58fce7da, org.example.stockhubspring.model.Produto@eb3f947, org.example.stockhubspring.model.Produto@6c7291e5, org.example.stockhubspring.model.Produto@310533b4, org.example.stockhubspring.model.Produto@e78c079, org.example.stockhubspring.model.Produto@1f106930, org.example.stockhubspring.model.Produto@67953e8e, org.example.stockhubspring.model.Produto@7f15295b, org.example.stockhubspring.model.Produto@372645c8, org.example.stockhubspring.model.Produto@2b63e3f5, org.example.stockhubspring.model.Produto@654cd959, org.example.stockhubspring.model.Produto@33456b5a, org.example.stockhubspring.model.Produto@36c870ff, org.example.stockhubspring.model.Produto@2004198, org.example.stockhubspring.model.Produto@105c690, org.example.stockhubspring.model.Produto@19826251, org.example.stockhubspring.model.Produto@6cb8b616, org.example.stockhubspring.model.Produto@6c342698, org.example.stockhubspring.model.Produto@432a5cc8, org.example.stockhubspring.model.Produto@49302e16, org.example.stockhubspring.model.Produto@60113920, org.example.stockhubspring.model.Produto@2ddcc35c, org.example.stockhubspring.model.Produto@3c011633, org.example.stockhubspring.model.Produto@7409cf3b, org.example.stockhubspring.model.Produto@1db820a3, org.example.stockhubspring.model.Produto@56b5c66b, org.example.stockhubspring.model.Produto@6231e200, org.example.stockhubspring.model.Produto@587b996a, org.example.stockhubspring.model.Produto@41a07fe, org.example.stockhubspring.model.Produto@7ce41f88, org.example.stockhubspring.model.Produto@11a8d3f6, org.example.stockhubspring.model.Produto@151ca860, org.example.stockhubspring.model.Produto@41ed78ca, org.example.stockhubspring.model.Produto@1da92720, org.example.stockhubspring.model.Produto@4ac96000, org.example.stockhubspring.model.Produto@3a668e91, org.example.stockhubspring.model.Produto@10e78a3f, org.example.stockhubspring.model.Produto@44a32f24, org.example.stockhubspring.model.Produto@45eb8ed0, org.example.stockhubspring.model.Produto@4bf782fa, org.example.stockhubspring.model.Produto@67ed5fc9, org.example.stockhubspring.model.Produto@3a6a861f, org.example.stockhubspring.model.Produto@236e128c, org.example.stockhubspring.model.Produto@54f9b449, org.example.stockhubspring.model.Produto@59e7aa08, org.example.stockhubspring.model.Produto@37d39555, org.example.stockhubspring.model.Produto@64fa0b51, org.example.stockhubspring.model.Produto@7db8a07b, org.example.stockhubspring.model.Produto@19ebf22e, org.example.stockhubspring.model.Produto@32b9a57b, org.example.stockhubspring.model.Produto@6ad90fe, org.example.stockhubspring.model.Produto@3eae5328, org.example.stockhubspring.model.Produto@7812bc51], movimentacoes=[], tipos=[Lorg.example.stockhubspring.model.TipoMovimentacao;@7ff5c55, org.springframework.validation.BindingResult.usuarioLogado=org.springframework.validation.BeanPropertyBindingResult: 0 errors}
2026-06-28T23:08:49.987-03:00 DEBUG 23444 --- [StockHub-Spring] [nio-8080-exec-8] o.s.web.servlet.view.JstlView            : Forwarding to [/WEB-INF/pages/estoque.jsp]
2026-06-28T23:08:49.989-03:00 DEBUG 23444 --- [StockHub-Spring] [nio-8080-exec-8] o.s.web.servlet.DispatcherServlet        : Completed 200 OK
2026-06-28T23:08:51.040-03:00 DEBUG 23444 --- [StockHub-Spring] [nio-8080-exec-9] o.s.web.servlet.DispatcherServlet        : GET "/produtos/novo", parameters={}
2026-06-28T23:08:51.040-03:00 DEBUG 23444 --- [StockHub-Spring] [nio-8080-exec-9] s.w.s.m.m.a.RequestMappingHandlerMapping : Mapped to org.example.stockhubspring.controller.ProdutoController#novo(Model)
2026-06-28T23:08:51.042-03:00 DEBUG 23444 --- [StockHub-Spring] [nio-8080-exec-9] org.hibernate.SQL                        : 
    select
        c1_0.id,
        c1_0.descricao,
        c1_0.nome,
        c1_0.usuario_codigo 
    from
        categoria c1_0 
    where
        c1_0.usuario_codigo=? 
    order by
        c1_0.nome
Hibernate: 
    select
        c1_0.id,
        c1_0.descricao,
        c1_0.nome,
        c1_0.usuario_codigo 
    from
        categoria c1_0 
    where
        c1_0.usuario_codigo=? 
    order by
        c1_0.nome
2026-06-28T23:08:51.043-03:00 DEBUG 23444 --- [StockHub-Spring] [nio-8080-exec-9] org.hibernate.SQL                        : 
    select
        count(p1_0.id) 
    from
        produto p1_0 
    where
        p1_0.categoria_id=? 
        and p1_0.usuario_codigo=?
Hibernate: 
    select
        count(p1_0.id) 
    from
        produto p1_0 
    where
        p1_0.categoria_id=? 
        and p1_0.usuario_codigo=?
2026-06-28T23:08:51.044-03:00 DEBUG 23444 --- [StockHub-Spring] [nio-8080-exec-9] org.hibernate.SQL                        : 
    select
        count(p1_0.id) 
    from
        produto p1_0 
    where
        p1_0.categoria_id=? 
        and p1_0.usuario_codigo=?
Hibernate: 
    select
        count(p1_0.id) 
    from
        produto p1_0 
    where
        p1_0.categoria_id=? 
        and p1_0.usuario_codigo=?
2026-06-28T23:08:51.045-03:00 DEBUG 23444 --- [StockHub-Spring] [nio-8080-exec-9] org.hibernate.SQL                        : 
    select
        count(p1_0.id) 
    from
        produto p1_0 
    where
        p1_0.categoria_id=? 
        and p1_0.usuario_codigo=?
Hibernate: 
    select
        count(p1_0.id) 
    from
        produto p1_0 
    where
        p1_0.categoria_id=? 
        and p1_0.usuario_codigo=?
2026-06-28T23:08:51.045-03:00 DEBUG 23444 --- [StockHub-Spring] [nio-8080-exec-9] org.hibernate.SQL                        : 
    select
        count(p1_0.id) 
    from
        produto p1_0 
    where
        p1_0.categoria_id=? 
        and p1_0.usuario_codigo=?
Hibernate: 
    select
        count(p1_0.id) 
    from
        produto p1_0 
    where
        p1_0.categoria_id=? 
        and p1_0.usuario_codigo=?
2026-06-28T23:08:51.046-03:00 DEBUG 23444 --- [StockHub-Spring] [nio-8080-exec-9] org.hibernate.SQL                        : 
    select
        count(p1_0.id) 
    from
        produto p1_0 
    where
        p1_0.categoria_id=? 
        and p1_0.usuario_codigo=?
Hibernate: 
    select
        count(p1_0.id) 
    from
        produto p1_0 
    where
        p1_0.categoria_id=? 
        and p1_0.usuario_codigo=?
2026-06-28T23:08:51.047-03:00 DEBUG 23444 --- [StockHub-Spring] [nio-8080-exec-9] org.hibernate.SQL                        : 
    select
        count(p1_0.id) 
    from
        produto p1_0 
    where
        p1_0.categoria_id=? 
        and p1_0.usuario_codigo=?
Hibernate: 
    select
        count(p1_0.id) 
    from
        produto p1_0 
    where
        p1_0.categoria_id=? 
        and p1_0.usuario_codigo=?
2026-06-28T23:08:51.047-03:00 DEBUG 23444 --- [StockHub-Spring] [nio-8080-exec-9] org.hibernate.SQL                        : 
    select
        count(p1_0.id) 
    from
        produto p1_0 
    where
        p1_0.categoria_id=? 
        and p1_0.usuario_codigo=?
Hibernate: 
    select
        count(p1_0.id) 
    from
        produto p1_0 
    where
        p1_0.categoria_id=? 
        and p1_0.usuario_codigo=?
2026-06-28T23:08:51.048-03:00 DEBUG 23444 --- [StockHub-Spring] [nio-8080-exec-9] org.hibernate.SQL                        : 
    select
        count(p1_0.id) 
    from
        produto p1_0 
    where
        p1_0.categoria_id=? 
        and p1_0.usuario_codigo=?
Hibernate: 
    select
        count(p1_0.id) 
    from
        produto p1_0 
    where
        p1_0.categoria_id=? 
        and p1_0.usuario_codigo=?
2026-06-28T23:08:51.049-03:00 DEBUG 23444 --- [StockHub-Spring] [nio-8080-exec-9] org.hibernate.SQL                        : 
    select
        count(p1_0.id) 
    from
        produto p1_0 
    where
        p1_0.categoria_id=? 
        and p1_0.usuario_codigo=?
Hibernate: 
    select
        count(p1_0.id) 
    from
        produto p1_0 
    where
        p1_0.categoria_id=? 
        and p1_0.usuario_codigo=?
2026-06-28T23:08:51.050-03:00 DEBUG 23444 --- [StockHub-Spring] [nio-8080-exec-9] org.hibernate.SQL                        : 
    select
        count(p1_0.id) 
    from
        produto p1_0 
    where
        p1_0.categoria_id=? 
        and p1_0.usuario_codigo=?
Hibernate: 
    select
        count(p1_0.id) 
    from
        produto p1_0 
    where
        p1_0.categoria_id=? 
        and p1_0.usuario_codigo=?
2026-06-28T23:08:51.051-03:00 DEBUG 23444 --- [StockHub-Spring] [nio-8080-exec-9] org.hibernate.SQL                        : 
    select
        count(p1_0.id) 
    from
        produto p1_0 
    where
        p1_0.categoria_id=? 
        and p1_0.usuario_codigo=?
Hibernate: 
    select
        count(p1_0.id) 
    from
        produto p1_0 
    where
        p1_0.categoria_id=? 
        and p1_0.usuario_codigo=?
2026-06-28T23:08:51.052-03:00 DEBUG 23444 --- [StockHub-Spring] [nio-8080-exec-9] org.hibernate.SQL                        : 
    select
        count(p1_0.id) 
    from
        produto p1_0 
    where
        p1_0.categoria_id=? 
        and p1_0.usuario_codigo=?
Hibernate: 
    select
        count(p1_0.id) 
    from
        produto p1_0 
    where
        p1_0.categoria_id=? 
        and p1_0.usuario_codigo=?
2026-06-28T23:08:51.053-03:00 DEBUG 23444 --- [StockHub-Spring] [nio-8080-exec-9] org.hibernate.SQL                        : 
    select
        count(p1_0.id) 
    from
        produto p1_0 
    where
        p1_0.categoria_id=? 
        and p1_0.usuario_codigo=?
Hibernate: 
    select
        count(p1_0.id) 
    from
        produto p1_0 
    where
        p1_0.categoria_id=? 
        and p1_0.usuario_codigo=?
2026-06-28T23:08:51.054-03:00 DEBUG 23444 --- [StockHub-Spring] [nio-8080-exec-9] org.hibernate.SQL                        : 
    select
        count(p1_0.id) 
    from
        produto p1_0 
    where
        p1_0.categoria_id=? 
        and p1_0.usuario_codigo=?
Hibernate: 
    select
        count(p1_0.id) 
    from
        produto p1_0 
    where
        p1_0.categoria_id=? 
        and p1_0.usuario_codigo=?
2026-06-28T23:08:51.055-03:00 DEBUG 23444 --- [StockHub-Spring] [nio-8080-exec-9] org.hibernate.SQL                        : 
    select
        count(p1_0.id) 
    from
        produto p1_0 
    where
        p1_0.categoria_id=? 
        and p1_0.usuario_codigo=?
Hibernate: 
    select
        count(p1_0.id) 
    from
        produto p1_0 
    where
        p1_0.categoria_id=? 
        and p1_0.usuario_codigo=?
2026-06-28T23:08:51.056-03:00 DEBUG 23444 --- [StockHub-Spring] [nio-8080-exec-9] o.s.w.s.v.ContentNegotiatingViewResolver : Selected 'text/html' given [text/html, application/xhtml+xml, image/avif, image/webp, image/apng, application/xml;q=0.9, */*;q=0.8]
2026-06-28T23:08:51.056-03:00 DEBUG 23444 --- [StockHub-Spring] [nio-8080-exec-9] o.s.web.servlet.view.JstlView            : View name [produto-form], model {usuarioLogado=org.example.stockhubspring.model.Usuario@7ef16926, produto=org.example.stockhubspring.model.Produto@1d546883, categorias=[org.example.stockhubspring.model.Categoria@68222f5a, org.example.stockhubspring.model.Categoria@255b4387, org.example.stockhubspring.model.Categoria@470c6d91, org.example.stockhubspring.model.Categoria@5bcad72e, org.example.stockhubspring.model.Categoria@22eb7bf2, org.example.stockhubspring.model.Categoria@5d534353, org.example.stockhubspring.model.Categoria@7997dd8d, org.example.stockhubspring.model.Categoria@74e90636, org.example.stockhubspring.model.Categoria@da4d7b2, org.example.stockhubspring.model.Categoria@4aaa448e, org.example.stockhubspring.model.Categoria@d1683e3, org.example.stockhubspring.model.Categoria@31f2fcc1, org.example.stockhubspring.model.Categoria@1ac0b40a, org.example.stockhubspring.model.Categoria@2561de8, org.example.stockhubspring.model.Categoria@3b669fda], org.springframework.validation.BindingResult.usuarioLogado=org.springframework.validation.BeanPropertyBindingResult: 0 errors, org.springframework.validation.BindingResult.produto=org.springframework.validation.BeanPropertyBindingResult: 0 errors}
2026-06-28T23:08:51.056-03:00 DEBUG 23444 --- [StockHub-Spring] [nio-8080-exec-9] o.s.web.servlet.view.JstlView            : Forwarding to [/WEB-INF/pages/produto-form.jsp]
2026-06-28T23:08:51.057-03:00 DEBUG 23444 --- [StockHub-Spring] [nio-8080-exec-9] o.s.web.servlet.DispatcherServlet        : Completed 200 OK
2026-06-28T23:08:51.730-03:00 DEBUG 23444 --- [StockHub-Spring] [io-8080-exec-10] o.s.web.servlet.DispatcherServlet        : GET "/categorias/novo", parameters={}
2026-06-28T23:08:51.731-03:00 DEBUG 23444 --- [StockHub-Spring] [io-8080-exec-10] s.w.s.m.m.a.RequestMappingHandlerMapping : Mapped to org.example.stockhubspring.controller.CategoriaController#novo(Model)
2026-06-28T23:08:51.734-03:00 DEBUG 23444 --- [StockHub-Spring] [io-8080-exec-10] o.s.w.s.v.ContentNegotiatingViewResolver : Selected 'text/html' given [text/html, application/xhtml+xml, image/avif, image/webp, image/apng, application/xml;q=0.9, */*;q=0.8]
2026-06-28T23:08:51.735-03:00 DEBUG 23444 --- [StockHub-Spring] [io-8080-exec-10] o.s.web.servlet.view.JstlView            : View name [categoria-form], model {usuarioLogado=org.example.stockhubspring.model.Usuario@7ef16926, categoria=org.example.stockhubspring.model.Categoria@58bdb7d2, org.springframework.validation.BindingResult.usuarioLogado=org.springframework.validation.BeanPropertyBindingResult: 0 errors, org.springframework.validation.BindingResult.categoria=org.springframework.validation.BeanPropertyBindingResult: 0 errors}
2026-06-28T23:08:51.735-03:00 DEBUG 23444 --- [StockHub-Spring] [io-8080-exec-10] o.s.web.servlet.view.JstlView            : Forwarding to [/WEB-INF/pages/categoria-form.jsp]
2026-06-28T23:08:51.818-03:00 DEBUG 23444 --- [StockHub-Spring] [io-8080-exec-10] o.s.web.servlet.DispatcherServlet        : Completed 200 OK
2026-06-28T23:08:52.781-03:00 DEBUG 23444 --- [StockHub-Spring] [nio-8080-exec-1] o.s.web.servlet.DispatcherServlet        : GET "/dashboard", parameters={}
2026-06-28T23:08:52.781-03:00 DEBUG 23444 --- [StockHub-Spring] [nio-8080-exec-1] s.w.s.m.m.a.RequestMappingHandlerMapping : Mapped to org.example.stockhubspring.controller.DashboardController#dashboard(Model)
2026-06-28T23:08:52.782-03:00 DEBUG 23444 --- [StockHub-Spring] [nio-8080-exec-1] org.hibernate.SQL                        : 
    select
        p1_0.id,
        p1_0.categoria_id,
        p1_0.descricao,
        p1_0.estoque_minimo,
        p1_0.nome,
        p1_0.preco,
        p1_0.quantidade,
        p1_0.usuario_codigo 
    from
        produto p1_0 
    where
        p1_0.usuario_codigo=? 
    order by
        p1_0.id desc
Hibernate: 
    select
        p1_0.id,
        p1_0.categoria_id,
        p1_0.descricao,
        p1_0.estoque_minimo,
        p1_0.nome,
        p1_0.preco,
        p1_0.quantidade,
        p1_0.usuario_codigo 
    from
        produto p1_0 
    where
        p1_0.usuario_codigo=? 
    order by
        p1_0.id desc
2026-06-28T23:08:52.785-03:00 DEBUG 23444 --- [StockHub-Spring] [nio-8080-exec-1] org.hibernate.SQL                        : 
    select
        c1_0.id,
        c1_0.descricao,
        c1_0.nome,
        c1_0.usuario_codigo 
    from
        categoria c1_0 
    where
        c1_0.usuario_codigo=? 
    order by
        c1_0.nome
Hibernate: 
    select
        c1_0.id,
        c1_0.descricao,
        c1_0.nome,
        c1_0.usuario_codigo 
    from
        categoria c1_0 
    where
        c1_0.usuario_codigo=? 
    order by
        c1_0.nome
2026-06-28T23:08:52.787-03:00 DEBUG 23444 --- [StockHub-Spring] [nio-8080-exec-1] org.hibernate.SQL                        : 
    select
        count(p1_0.id) 
    from
        produto p1_0 
    where
        p1_0.categoria_id=? 
        and p1_0.usuario_codigo=?
Hibernate: 
    select
        count(p1_0.id) 
    from
        produto p1_0 
    where
        p1_0.categoria_id=? 
        and p1_0.usuario_codigo=?
2026-06-28T23:08:52.787-03:00 DEBUG 23444 --- [StockHub-Spring] [nio-8080-exec-1] org.hibernate.SQL                        : 
    select
        count(p1_0.id) 
    from
        produto p1_0 
    where
        p1_0.categoria_id=? 
        and p1_0.usuario_codigo=?
Hibernate: 
    select
        count(p1_0.id) 
    from
        produto p1_0 
    where
        p1_0.categoria_id=? 
        and p1_0.usuario_codigo=?
2026-06-28T23:08:52.788-03:00 DEBUG 23444 --- [StockHub-Spring] [nio-8080-exec-1] org.hibernate.SQL                        : 
    select
        count(p1_0.id) 
    from
        produto p1_0 
    where
        p1_0.categoria_id=? 
        and p1_0.usuario_codigo=?
Hibernate: 
    select
        count(p1_0.id) 
    from
        produto p1_0 
    where
        p1_0.categoria_id=? 
        and p1_0.usuario_codigo=?
2026-06-28T23:08:52.790-03:00 DEBUG 23444 --- [StockHub-Spring] [nio-8080-exec-1] org.hibernate.SQL                        : 
    select
        count(p1_0.id) 
    from
        produto p1_0 
    where
        p1_0.categoria_id=? 
        and p1_0.usuario_codigo=?
Hibernate: 
    select
        count(p1_0.id) 
    from
        produto p1_0 
    where
        p1_0.categoria_id=? 
        and p1_0.usuario_codigo=?
2026-06-28T23:08:52.791-03:00 DEBUG 23444 --- [StockHub-Spring] [nio-8080-exec-1] org.hibernate.SQL                        : 
    select
        count(p1_0.id) 
    from
        produto p1_0 
    where
        p1_0.categoria_id=? 
        and p1_0.usuario_codigo=?
Hibernate: 
    select
        count(p1_0.id) 
    from
        produto p1_0 
    where
        p1_0.categoria_id=? 
        and p1_0.usuario_codigo=?
2026-06-28T23:08:52.792-03:00 DEBUG 23444 --- [StockHub-Spring] [nio-8080-exec-1] org.hibernate.SQL                        : 
    select
        count(p1_0.id) 
    from
        produto p1_0 
    where
        p1_0.categoria_id=? 
        and p1_0.usuario_codigo=?
Hibernate: 
    select
        count(p1_0.id) 
    from
        produto p1_0 
    where
        p1_0.categoria_id=? 
        and p1_0.usuario_codigo=?
2026-06-28T23:08:52.793-03:00 DEBUG 23444 --- [StockHub-Spring] [nio-8080-exec-1] org.hibernate.SQL                        : 
    select
        count(p1_0.id) 
    from
        produto p1_0 
    where
        p1_0.categoria_id=? 
        and p1_0.usuario_codigo=?
Hibernate: 
    select
        count(p1_0.id) 
    from
        produto p1_0 
    where
        p1_0.categoria_id=? 
        and p1_0.usuario_codigo=?
2026-06-28T23:08:52.794-03:00 DEBUG 23444 --- [StockHub-Spring] [nio-8080-exec-1] org.hibernate.SQL                        : 
    select
        count(p1_0.id) 
    from
        produto p1_0 
    where
        p1_0.categoria_id=? 
        and p1_0.usuario_codigo=?
Hibernate: 
    select
        count(p1_0.id) 
    from
        produto p1_0 
    where
        p1_0.categoria_id=? 
        and p1_0.usuario_codigo=?
2026-06-28T23:08:52.795-03:00 DEBUG 23444 --- [StockHub-Spring] [nio-8080-exec-1] org.hibernate.SQL                        : 
    select
        count(p1_0.id) 
    from
        produto p1_0 
    where
        p1_0.categoria_id=? 
        and p1_0.usuario_codigo=?
Hibernate: 
    select
        count(p1_0.id) 
    from
        produto p1_0 
    where
        p1_0.categoria_id=? 
        and p1_0.usuario_codigo=?
2026-06-28T23:08:52.796-03:00 DEBUG 23444 --- [StockHub-Spring] [nio-8080-exec-1] org.hibernate.SQL                        : 
    select
        count(p1_0.id) 
    from
        produto p1_0 
    where
        p1_0.categoria_id=? 
        and p1_0.usuario_codigo=?
Hibernate: 
    select
        count(p1_0.id) 
    from
        produto p1_0 
    where
        p1_0.categoria_id=? 
        and p1_0.usuario_codigo=?
2026-06-28T23:08:52.797-03:00 DEBUG 23444 --- [StockHub-Spring] [nio-8080-exec-1] org.hibernate.SQL                        : 
    select
        count(p1_0.id) 
    from
        produto p1_0 
    where
        p1_0.categoria_id=? 
        and p1_0.usuario_codigo=?
Hibernate: 
    select
        count(p1_0.id) 
    from
        produto p1_0 
    where
        p1_0.categoria_id=? 
        and p1_0.usuario_codigo=?
2026-06-28T23:08:52.798-03:00 DEBUG 23444 --- [StockHub-Spring] [nio-8080-exec-1] org.hibernate.SQL                        : 
    select
        count(p1_0.id) 
    from
        produto p1_0 
    where
        p1_0.categoria_id=? 
        and p1_0.usuario_codigo=?
Hibernate: 
    select
        count(p1_0.id) 
    from
        produto p1_0 
    where
        p1_0.categoria_id=? 
        and p1_0.usuario_codigo=?
2026-06-28T23:08:52.798-03:00 DEBUG 23444 --- [StockHub-Spring] [nio-8080-exec-1] org.hibernate.SQL                        : 
    select
        count(p1_0.id) 
    from
        produto p1_0 
    where
        p1_0.categoria_id=? 
        and p1_0.usuario_codigo=?
Hibernate: 
    select
        count(p1_0.id) 
    from
        produto p1_0 
    where
        p1_0.categoria_id=? 
        and p1_0.usuario_codigo=?
2026-06-28T23:08:52.800-03:00 DEBUG 23444 --- [StockHub-Spring] [nio-8080-exec-1] org.hibernate.SQL                        : 
    select
        count(p1_0.id) 
    from
        produto p1_0 
    where
        p1_0.categoria_id=? 
        and p1_0.usuario_codigo=?
Hibernate: 
    select
        count(p1_0.id) 
    from
        produto p1_0 
    where
        p1_0.categoria_id=? 
        and p1_0.usuario_codigo=?
2026-06-28T23:08:52.800-03:00 DEBUG 23444 --- [StockHub-Spring] [nio-8080-exec-1] org.hibernate.SQL                        : 
    select
        count(p1_0.id) 
    from
        produto p1_0 
    where
        p1_0.categoria_id=? 
        and p1_0.usuario_codigo=?
Hibernate: 
    select
        count(p1_0.id) 
    from
        produto p1_0 
    where
        p1_0.categoria_id=? 
        and p1_0.usuario_codigo=?
2026-06-28T23:08:52.801-03:00 DEBUG 23444 --- [StockHub-Spring] [nio-8080-exec-1] org.hibernate.SQL                        : 
    select
        count(p1_0.id) 
    from
        produto p1_0 
    where
        p1_0.usuario_codigo=? 
        and p1_0.quantidade<=p1_0.estoque_minimo
Hibernate: 
    select
        count(p1_0.id) 
    from
        produto p1_0 
    where
        p1_0.usuario_codigo=? 
        and p1_0.quantidade<=p1_0.estoque_minimo
2026-06-28T23:08:52.802-03:00 DEBUG 23444 --- [StockHub-Spring] [nio-8080-exec-1] org.hibernate.SQL                        : 
    select
        p1_0.id,
        p1_0.categoria_id,
        p1_0.descricao,
        p1_0.estoque_minimo,
        p1_0.nome,
        p1_0.preco,
        p1_0.quantidade,
        p1_0.usuario_codigo 
    from
        produto p1_0 
    where
        p1_0.usuario_codigo=? 
    order by
        p1_0.id desc
Hibernate: 
    select
        p1_0.id,
        p1_0.categoria_id,
        p1_0.descricao,
        p1_0.estoque_minimo,
        p1_0.nome,
        p1_0.preco,
        p1_0.quantidade,
        p1_0.usuario_codigo 
    from
        produto p1_0 
    where
        p1_0.usuario_codigo=? 
    order by
        p1_0.id desc
2026-06-28T23:08:52.804-03:00 DEBUG 23444 --- [StockHub-Spring] [nio-8080-exec-1] org.hibernate.SQL                        : 
    select
        p1_0.id,
        p1_0.categoria_id,
        p1_0.descricao,
        p1_0.estoque_minimo,
        p1_0.nome,
        p1_0.preco,
        p1_0.quantidade,
        p1_0.usuario_codigo 
    from
        produto p1_0 
    where
        p1_0.usuario_codigo=? 
        and p1_0.quantidade<=p1_0.estoque_minimo 
    order by
        p1_0.quantidade,
        p1_0.nome
Hibernate: 
    select
        p1_0.id,
        p1_0.categoria_id,
        p1_0.descricao,
        p1_0.estoque_minimo,
        p1_0.nome,
        p1_0.preco,
        p1_0.quantidade,
        p1_0.usuario_codigo 
    from
        produto p1_0 
    where
        p1_0.usuario_codigo=? 
        and p1_0.quantidade<=p1_0.estoque_minimo 
    order by
        p1_0.quantidade,
        p1_0.nome
2026-06-28T23:08:52.805-03:00 DEBUG 23444 --- [StockHub-Spring] [nio-8080-exec-1] o.s.w.s.v.ContentNegotiatingViewResolver : Selected 'text/html' given [text/html, application/xhtml+xml, image/avif, image/webp, image/apng, application/xml;q=0.9, */*;q=0.8]
2026-06-28T23:08:52.805-03:00 DEBUG 23444 --- [StockHub-Spring] [nio-8080-exec-1] o.s.web.servlet.view.JstlView            : View name [dashboard], model {usuarioLogado=org.example.stockhubspring.model.Usuario@7ef16926, resumo=org.example.stockhubspring.model.ResumoEstoque@70b48a40, produtosRecentes=[org.example.stockhubspring.model.Produto@670d4920, org.example.stockhubspring.model.Produto@41ef3328, org.example.stockhubspring.model.Produto@61a34b5, org.example.stockhubspring.model.Produto@7feb88bf, org.example.stockhubspring.model.Produto@72229a2b, org.example.stockhubspring.model.Produto@4a6c9134], produtosEstoqueBaixo=[org.example.stockhubspring.model.Produto@7feb88bf, org.example.stockhubspring.model.Produto@7cf2b8b1, org.example.stockhubspring.model.Produto@79c29c6d, org.example.stockhubspring.model.Produto@31a58791, org.example.stockhubspring.model.Produto@af025ec, org.example.stockhubspring.model.Produto@4eb1f4a0], org.springframework.validation.BindingResult.usuarioLogado=org.springframework.validation.BeanPropertyBindingResult: 0 errors, org.springframework.validation.BindingResult.resumo=org.springframework.validation.BeanPropertyBindingResult: 0 errors}
2026-06-28T23:08:52.805-03:00 DEBUG 23444 --- [StockHub-Spring] [nio-8080-exec-1] o.s.web.servlet.view.JstlView            : Forwarding to [/WEB-INF/pages/dashboard.jsp]
2026-06-28T23:08:52.808-03:00 DEBUG 23444 --- [StockHub-Spring] [nio-8080-exec-1] o.s.web.servlet.DispatcherServlet        : Completed 200 OK
2026-06-28T23:08:54.199-03:00 DEBUG 23444 --- [StockHub-Spring] [nio-8080-exec-2] o.s.web.servlet.DispatcherServlet        : GET "/logout", parameters={}
2026-06-28T23:08:54.199-03:00 DEBUG 23444 --- [StockHub-Spring] [nio-8080-exec-2] s.w.s.m.m.a.RequestMappingHandlerMapping : Mapped to org.example.stockhubspring.controller.AuthController#logout(HttpSession)
2026-06-28T23:08:54.200-03:00 DEBUG 23444 --- [StockHub-Spring] [nio-8080-exec-2] o.s.web.servlet.view.RedirectView        : View name [redirect:], model {}
2026-06-28T23:08:54.200-03:00 DEBUG 23444 --- [StockHub-Spring] [nio-8080-exec-2] o.s.web.servlet.DispatcherServlet        : Completed 302 FOUND
2026-06-28T23:08:54.204-03:00 DEBUG 23444 --- [StockHub-Spring] [nio-8080-exec-5] o.s.web.servlet.DispatcherServlet        : GET "/login", parameters={}
2026-06-28T23:08:54.205-03:00 DEBUG 23444 --- [StockHub-Spring] [nio-8080-exec-5] s.w.s.m.m.a.RequestMappingHandlerMapping : Mapped to org.example.stockhubspring.controller.AuthController#login(HttpSession)
2026-06-28T23:08:54.206-03:00 DEBUG 23444 --- [StockHub-Spring] [nio-8080-exec-5] o.s.w.s.v.ContentNegotiatingViewResolver : Selected 'text/html' given [text/html, application/xhtml+xml, image/avif, image/webp, image/apng, application/xml;q=0.9, */*;q=0.8]
2026-06-28T23:08:54.206-03:00 DEBUG 23444 --- [StockHub-Spring] [nio-8080-exec-5] o.s.web.servlet.view.JstlView            : View name [login], model {usuarioLogado=null}
2026-06-28T23:08:54.207-03:00 DEBUG 23444 --- [StockHub-Spring] [nio-8080-exec-5] o.s.web.servlet.view.JstlView            : Forwarding to [/WEB-INF/pages/login.jsp]
2026-06-28T23:08:54.207-03:00 DEBUG 23444 --- [StockHub-Spring] [nio-8080-exec-5] o.s.web.servlet.DispatcherServlet        : Completed 200 OK
2026-06-28T23:09:02.681-03:00 DEBUG 23444 --- [StockHub-Spring] [nio-8080-exec-3] o.s.web.servlet.DispatcherServlet        : GET "/dashboard", parameters={}
2026-06-28T23:09:02.683-03:00 DEBUG 23444 --- [StockHub-Spring] [nio-8080-exec-3] s.w.s.m.m.a.RequestMappingHandlerMapping : Mapped to org.example.stockhubspring.controller.DashboardController#dashboard(Model)
2026-06-28T23:09:02.683-03:00 DEBUG 23444 --- [StockHub-Spring] [nio-8080-exec-3] o.s.web.servlet.DispatcherServlet        : Completed 302 FOUND
2026-06-28T23:09:02.686-03:00 DEBUG 23444 --- [StockHub-Spring] [nio-8080-exec-4] o.s.web.servlet.DispatcherServlet        : GET "/login", parameters={}
2026-06-28T23:09:02.687-03:00 DEBUG 23444 --- [StockHub-Spring] [nio-8080-exec-4] s.w.s.m.m.a.RequestMappingHandlerMapping : Mapped to org.example.stockhubspring.controller.AuthController#login(HttpSession)
2026-06-28T23:09:02.688-03:00 DEBUG 23444 --- [StockHub-Spring] [nio-8080-exec-4] o.s.w.s.v.ContentNegotiatingViewResolver : Selected 'text/html' given [text/html, application/xhtml+xml, image/avif, image/webp, image/apng, application/xml;q=0.9, */*;q=0.8]
2026-06-28T23:09:02.688-03:00 DEBUG 23444 --- [StockHub-Spring] [nio-8080-exec-4] o.s.web.servlet.view.JstlView            : View name [login], model {usuarioLogado=null}
2026-06-28T23:09:02.688-03:00 DEBUG 23444 --- [StockHub-Spring] [nio-8080-exec-4] o.s.web.servlet.view.JstlView            : Forwarding to [/WEB-INF/pages/login.jsp]
2026-06-28T23:09:02.689-03:00 DEBUG 23444 --- [StockHub-Spring] [nio-8080-exec-4] o.s.web.servlet.DispatcherServlet        : Completed 200 OK
2026-06-28T23:09:07.329-03:00 DEBUG 23444 --- [StockHub-Spring] [nio-8080-exec-6] o.s.web.servlet.DispatcherServlet        : POST "/login", parameters={masked}
2026-06-28T23:09:07.330-03:00 DEBUG 23444 --- [StockHub-Spring] [nio-8080-exec-6] s.w.s.m.m.a.RequestMappingHandlerMapping : Mapped to org.example.stockhubspring.controller.AuthController#autenticar(String, String, HttpSession, Model)
2026-06-28T23:09:07.331-03:00 DEBUG 23444 --- [StockHub-Spring] [nio-8080-exec-6] org.hibernate.SQL                        : 
    select
        u1_0.codigo,
        u1_0.ativo,
        u1_0.email,
        u1_0.nome,
        u1_0.senha 
    from
        usuario u1_0 
    where
        u1_0.email=? 
        and u1_0.ativo=true
Hibernate: 
    select
        u1_0.codigo,
        u1_0.ativo,
        u1_0.email,
        u1_0.nome,
        u1_0.senha 
    from
        usuario u1_0 
    where
        u1_0.email=? 
        and u1_0.ativo=true
2026-06-28T23:09:07.335-03:00 DEBUG 23444 --- [StockHub-Spring] [nio-8080-exec-6] o.s.web.servlet.view.RedirectView        : View name [redirect:], model {}
2026-06-28T23:09:07.335-03:00 DEBUG 23444 --- [StockHub-Spring] [nio-8080-exec-6] o.s.web.servlet.DispatcherServlet        : Completed 302 FOUND
2026-06-28T23:09:07.338-03:00 DEBUG 23444 --- [StockHub-Spring] [nio-8080-exec-7] o.s.web.servlet.DispatcherServlet        : GET "/dashboard", parameters={}
2026-06-28T23:09:07.339-03:00 DEBUG 23444 --- [StockHub-Spring] [nio-8080-exec-7] s.w.s.m.m.a.RequestMappingHandlerMapping : Mapped to org.example.stockhubspring.controller.DashboardController#dashboard(Model)
2026-06-28T23:09:07.340-03:00 DEBUG 23444 --- [StockHub-Spring] [nio-8080-exec-7] org.hibernate.SQL                        : 
    select
        p1_0.id,
        p1_0.categoria_id,
        p1_0.descricao,
        p1_0.estoque_minimo,
        p1_0.nome,
        p1_0.preco,
        p1_0.quantidade,
        p1_0.usuario_codigo 
    from
        produto p1_0 
    where
        p1_0.usuario_codigo=? 
    order by
        p1_0.id desc
Hibernate: 
    select
        p1_0.id,
        p1_0.categoria_id,
        p1_0.descricao,
        p1_0.estoque_minimo,
        p1_0.nome,
        p1_0.preco,
        p1_0.quantidade,
        p1_0.usuario_codigo 
    from
        produto p1_0 
    where
        p1_0.usuario_codigo=? 
    order by
        p1_0.id desc
2026-06-28T23:09:07.342-03:00 DEBUG 23444 --- [StockHub-Spring] [nio-8080-exec-7] org.hibernate.SQL                        : 
    select
        c1_0.id,
        c1_0.descricao,
        c1_0.nome,
        c1_0.usuario_codigo 
    from
        categoria c1_0 
    where
        c1_0.usuario_codigo=? 
    order by
        c1_0.nome
Hibernate: 
    select
        c1_0.id,
        c1_0.descricao,
        c1_0.nome,
        c1_0.usuario_codigo 
    from
        categoria c1_0 
    where
        c1_0.usuario_codigo=? 
    order by
        c1_0.nome
2026-06-28T23:09:07.343-03:00 DEBUG 23444 --- [StockHub-Spring] [nio-8080-exec-7] org.hibernate.SQL                        : 
    select
        count(p1_0.id) 
    from
        produto p1_0 
    where
        p1_0.categoria_id=? 
        and p1_0.usuario_codigo=?
Hibernate: 
    select
        count(p1_0.id) 
    from
        produto p1_0 
    where
        p1_0.categoria_id=? 
        and p1_0.usuario_codigo=?
2026-06-28T23:09:07.344-03:00 DEBUG 23444 --- [StockHub-Spring] [nio-8080-exec-7] org.hibernate.SQL                        : 
    select
        count(p1_0.id) 
    from
        produto p1_0 
    where
        p1_0.categoria_id=? 
        and p1_0.usuario_codigo=?
Hibernate: 
    select
        count(p1_0.id) 
    from
        produto p1_0 
    where
        p1_0.categoria_id=? 
        and p1_0.usuario_codigo=?
2026-06-28T23:09:07.345-03:00 DEBUG 23444 --- [StockHub-Spring] [nio-8080-exec-7] org.hibernate.SQL                        : 
    select
        count(p1_0.id) 
    from
        produto p1_0 
    where
        p1_0.categoria_id=? 
        and p1_0.usuario_codigo=?
Hibernate: 
    select
        count(p1_0.id) 
    from
        produto p1_0 
    where
        p1_0.categoria_id=? 
        and p1_0.usuario_codigo=?
2026-06-28T23:09:07.345-03:00 DEBUG 23444 --- [StockHub-Spring] [nio-8080-exec-7] org.hibernate.SQL                        : 
    select
        count(p1_0.id) 
    from
        produto p1_0 
    where
        p1_0.categoria_id=? 
        and p1_0.usuario_codigo=?
Hibernate: 
    select
        count(p1_0.id) 
    from
        produto p1_0 
    where
        p1_0.categoria_id=? 
        and p1_0.usuario_codigo=?
2026-06-28T23:09:07.346-03:00 DEBUG 23444 --- [StockHub-Spring] [nio-8080-exec-7] org.hibernate.SQL                        : 
    select
        count(p1_0.id) 
    from
        produto p1_0 
    where
        p1_0.categoria_id=? 
        and p1_0.usuario_codigo=?
Hibernate: 
    select
        count(p1_0.id) 
    from
        produto p1_0 
    where
        p1_0.categoria_id=? 
        and p1_0.usuario_codigo=?
2026-06-28T23:09:07.347-03:00 DEBUG 23444 --- [StockHub-Spring] [nio-8080-exec-7] org.hibernate.SQL                        : 
    select
        count(p1_0.id) 
    from
        produto p1_0 
    where
        p1_0.categoria_id=? 
        and p1_0.usuario_codigo=?
Hibernate: 
    select
        count(p1_0.id) 
    from
        produto p1_0 
    where
        p1_0.categoria_id=? 
        and p1_0.usuario_codigo=?
2026-06-28T23:09:07.350-03:00 DEBUG 23444 --- [StockHub-Spring] [nio-8080-exec-7] org.hibernate.SQL                        : 
    select
        count(p1_0.id) 
    from
        produto p1_0 
    where
        p1_0.categoria_id=? 
        and p1_0.usuario_codigo=?
Hibernate: 
    select
        count(p1_0.id) 
    from
        produto p1_0 
    where
        p1_0.categoria_id=? 
        and p1_0.usuario_codigo=?
2026-06-28T23:09:07.351-03:00 DEBUG 23444 --- [StockHub-Spring] [nio-8080-exec-7] org.hibernate.SQL                        : 
    select
        count(p1_0.id) 
    from
        produto p1_0 
    where
        p1_0.categoria_id=? 
        and p1_0.usuario_codigo=?
Hibernate: 
    select
        count(p1_0.id) 
    from
        produto p1_0 
    where
        p1_0.categoria_id=? 
        and p1_0.usuario_codigo=?
2026-06-28T23:09:07.352-03:00 DEBUG 23444 --- [StockHub-Spring] [nio-8080-exec-7] org.hibernate.SQL                        : 
    select
        count(p1_0.id) 
    from
        produto p1_0 
    where
        p1_0.categoria_id=? 
        and p1_0.usuario_codigo=?
Hibernate: 
    select
        count(p1_0.id) 
    from
        produto p1_0 
    where
        p1_0.categoria_id=? 
        and p1_0.usuario_codigo=?
2026-06-28T23:09:07.352-03:00 DEBUG 23444 --- [StockHub-Spring] [nio-8080-exec-7] org.hibernate.SQL                        : 
    select
        count(p1_0.id) 
    from
        produto p1_0 
    where
        p1_0.categoria_id=? 
        and p1_0.usuario_codigo=?
Hibernate: 
    select
        count(p1_0.id) 
    from
        produto p1_0 
    where
        p1_0.categoria_id=? 
        and p1_0.usuario_codigo=?
2026-06-28T23:09:07.353-03:00 DEBUG 23444 --- [StockHub-Spring] [nio-8080-exec-7] org.hibernate.SQL                        : 
    select
        count(p1_0.id) 
    from
        produto p1_0 
    where
        p1_0.categoria_id=? 
        and p1_0.usuario_codigo=?
Hibernate: 
    select
        count(p1_0.id) 
    from
        produto p1_0 
    where
        p1_0.categoria_id=? 
        and p1_0.usuario_codigo=?
2026-06-28T23:09:07.353-03:00 DEBUG 23444 --- [StockHub-Spring] [nio-8080-exec-7] org.hibernate.SQL                        : 
    select
        count(p1_0.id) 
    from
        produto p1_0 
    where
        p1_0.categoria_id=? 
        and p1_0.usuario_codigo=?
Hibernate: 
    select
        count(p1_0.id) 
    from
        produto p1_0 
    where
        p1_0.categoria_id=? 
        and p1_0.usuario_codigo=?
2026-06-28T23:09:07.354-03:00 DEBUG 23444 --- [StockHub-Spring] [nio-8080-exec-7] org.hibernate.SQL                        : 
    select
        count(p1_0.id) 
    from
        produto p1_0 
    where
        p1_0.categoria_id=? 
        and p1_0.usuario_codigo=?
Hibernate: 
    select
        count(p1_0.id) 
    from
        produto p1_0 
    where
        p1_0.categoria_id=? 
        and p1_0.usuario_codigo=?
2026-06-28T23:09:07.355-03:00 DEBUG 23444 --- [StockHub-Spring] [nio-8080-exec-7] org.hibernate.SQL                        : 
    select
        count(p1_0.id) 
    from
        produto p1_0 
    where
        p1_0.categoria_id=? 
        and p1_0.usuario_codigo=?
Hibernate: 
    select
        count(p1_0.id) 
    from
        produto p1_0 
    where
        p1_0.categoria_id=? 
        and p1_0.usuario_codigo=?
2026-06-28T23:09:07.355-03:00 DEBUG 23444 --- [StockHub-Spring] [nio-8080-exec-7] org.hibernate.SQL                        : 
    select
        count(p1_0.id) 
    from
        produto p1_0 
    where
        p1_0.categoria_id=? 
        and p1_0.usuario_codigo=?
Hibernate: 
    select
        count(p1_0.id) 
    from
        produto p1_0 
    where
        p1_0.categoria_id=? 
        and p1_0.usuario_codigo=?
2026-06-28T23:09:07.356-03:00 DEBUG 23444 --- [StockHub-Spring] [nio-8080-exec-7] org.hibernate.SQL                        : 
    select
        count(p1_0.id) 
    from
        produto p1_0 
    where
        p1_0.usuario_codigo=? 
        and p1_0.quantidade<=p1_0.estoque_minimo
Hibernate: 
    select
        count(p1_0.id) 
    from
        produto p1_0 
    where
        p1_0.usuario_codigo=? 
        and p1_0.quantidade<=p1_0.estoque_minimo
2026-06-28T23:09:07.356-03:00 DEBUG 23444 --- [StockHub-Spring] [nio-8080-exec-7] org.hibernate.SQL                        : 
    select
        p1_0.id,
        p1_0.categoria_id,
        p1_0.descricao,
        p1_0.estoque_minimo,
        p1_0.nome,
        p1_0.preco,
        p1_0.quantidade,
        p1_0.usuario_codigo 
    from
        produto p1_0 
    where
        p1_0.usuario_codigo=? 
    order by
        p1_0.id desc
Hibernate: 
    select
        p1_0.id,
        p1_0.categoria_id,
        p1_0.descricao,
        p1_0.estoque_minimo,
        p1_0.nome,
        p1_0.preco,
        p1_0.quantidade,
        p1_0.usuario_codigo 
    from
        produto p1_0 
    where
        p1_0.usuario_codigo=? 
    order by
        p1_0.id desc
2026-06-28T23:09:07.357-03:00 DEBUG 23444 --- [StockHub-Spring] [nio-8080-exec-7] org.hibernate.SQL                        : 
    select
        p1_0.id,
        p1_0.categoria_id,
        p1_0.descricao,
        p1_0.estoque_minimo,
        p1_0.nome,
        p1_0.preco,
        p1_0.quantidade,
        p1_0.usuario_codigo 
    from
        produto p1_0 
    where
        p1_0.usuario_codigo=? 
        and p1_0.quantidade<=p1_0.estoque_minimo 
    order by
        p1_0.quantidade,
        p1_0.nome
Hibernate: 
    select
        p1_0.id,
        p1_0.categoria_id,
        p1_0.descricao,
        p1_0.estoque_minimo,
        p1_0.nome,
        p1_0.preco,
        p1_0.quantidade,
        p1_0.usuario_codigo 
    from
        produto p1_0 
    where
        p1_0.usuario_codigo=? 
        and p1_0.quantidade<=p1_0.estoque_minimo 
    order by
        p1_0.quantidade,
        p1_0.nome
2026-06-28T23:09:07.359-03:00 DEBUG 23444 --- [StockHub-Spring] [nio-8080-exec-7] o.s.w.s.v.ContentNegotiatingViewResolver : Selected 'text/html' given [text/html, application/xhtml+xml, image/avif, image/webp, image/apng, application/xml;q=0.9, */*;q=0.8]
2026-06-28T23:09:07.359-03:00 DEBUG 23444 --- [StockHub-Spring] [nio-8080-exec-7] o.s.web.servlet.view.JstlView            : View name [dashboard], model {usuarioLogado=org.example.stockhubspring.model.Usuario@1383e7e2, resumo=org.example.stockhubspring.model.ResumoEstoque@7c5ae7d9, produtosRecentes=[org.example.stockhubspring.model.Produto@4fa69bee, org.example.stockhubspring.model.Produto@5e1530d, org.example.stockhubspring.model.Produto@622d5ea2, org.example.stockhubspring.model.Produto@5d2f9f48, org.example.stockhubspring.model.Produto@262d06e8, org.example.stockhubspring.model.Produto@29db401b], produtosEstoqueBaixo=[org.example.stockhubspring.model.Produto@5d2f9f48, org.example.stockhubspring.model.Produto@36244078, org.example.stockhubspring.model.Produto@53575f53, org.example.stockhubspring.model.Produto@49ddc5d4, org.example.stockhubspring.model.Produto@752a7bd8, org.example.stockhubspring.model.Produto@4269ea52], org.springframework.validation.BindingResult.usuarioLogado=org.springframework.validation.BeanPropertyBindingResult: 0 errors, org.springframework.validation.BindingResult.resumo=org.springframework.validation.BeanPropertyBindingResult: 0 errors}
2026-06-28T23:09:07.359-03:00 DEBUG 23444 --- [StockHub-Spring] [nio-8080-exec-7] o.s.web.servlet.view.JstlView            : Forwarding to [/WEB-INF/pages/dashboard.jsp]
2026-06-28T23:09:07.361-03:00 DEBUG 23444 --- [StockHub-Spring] [nio-8080-exec-7] o.s.web.servlet.DispatcherServlet        : Completed 200 OK
2026-06-28T23:09:10.472-03:00 DEBUG 23444 --- [StockHub-Spring] [nio-8080-exec-8] o.s.web.servlet.DispatcherServlet        : GET "/valor-estoque", parameters={}
2026-06-28T23:09:10.473-03:00 DEBUG 23444 --- [StockHub-Spring] [nio-8080-exec-8] s.w.s.m.m.a.RequestMappingHandlerMapping : Mapped to org.example.stockhubspring.controller.DashboardController#valorEstoque(Model)
2026-06-28T23:09:10.474-03:00 DEBUG 23444 --- [StockHub-Spring] [nio-8080-exec-8] org.hibernate.SQL                        : 
    select
        p1_0.id,
        p1_0.categoria_id,
        p1_0.descricao,
        p1_0.estoque_minimo,
        p1_0.nome,
        p1_0.preco,
        p1_0.quantidade,
        p1_0.usuario_codigo 
    from
        produto p1_0 
    where
        p1_0.usuario_codigo=? 
    order by
        p1_0.id desc
Hibernate: 
    select
        p1_0.id,
        p1_0.categoria_id,
        p1_0.descricao,
        p1_0.estoque_minimo,
        p1_0.nome,
        p1_0.preco,
        p1_0.quantidade,
        p1_0.usuario_codigo 
    from
        produto p1_0 
    where
        p1_0.usuario_codigo=? 
    order by
        p1_0.id desc
2026-06-28T23:09:10.476-03:00 DEBUG 23444 --- [StockHub-Spring] [nio-8080-exec-8] org.hibernate.SQL                        : 
    select
        c1_0.id,
        c1_0.descricao,
        c1_0.nome,
        c1_0.usuario_codigo 
    from
        categoria c1_0 
    where
        c1_0.usuario_codigo=? 
    order by
        c1_0.nome
Hibernate: 
    select
        c1_0.id,
        c1_0.descricao,
        c1_0.nome,
        c1_0.usuario_codigo 
    from
        categoria c1_0 
    where
        c1_0.usuario_codigo=? 
    order by
        c1_0.nome
2026-06-28T23:09:10.478-03:00 DEBUG 23444 --- [StockHub-Spring] [nio-8080-exec-8] org.hibernate.SQL                        : 
    select
        count(p1_0.id) 
    from
        produto p1_0 
    where
        p1_0.categoria_id=? 
        and p1_0.usuario_codigo=?
Hibernate: 
    select
        count(p1_0.id) 
    from
        produto p1_0 
    where
        p1_0.categoria_id=? 
        and p1_0.usuario_codigo=?
2026-06-28T23:09:10.479-03:00 DEBUG 23444 --- [StockHub-Spring] [nio-8080-exec-8] org.hibernate.SQL                        : 
    select
        count(p1_0.id) 
    from
        produto p1_0 
    where
        p1_0.categoria_id=? 
        and p1_0.usuario_codigo=?
Hibernate: 
    select
        count(p1_0.id) 
    from
        produto p1_0 
    where
        p1_0.categoria_id=? 
        and p1_0.usuario_codigo=?
2026-06-28T23:09:10.479-03:00 DEBUG 23444 --- [StockHub-Spring] [nio-8080-exec-8] org.hibernate.SQL                        : 
    select
        count(p1_0.id) 
    from
        produto p1_0 
    where
        p1_0.categoria_id=? 
        and p1_0.usuario_codigo=?
Hibernate: 
    select
        count(p1_0.id) 
    from
        produto p1_0 
    where
        p1_0.categoria_id=? 
        and p1_0.usuario_codigo=?
2026-06-28T23:09:10.480-03:00 DEBUG 23444 --- [StockHub-Spring] [nio-8080-exec-8] org.hibernate.SQL                        : 
    select
        count(p1_0.id) 
    from
        produto p1_0 
    where
        p1_0.categoria_id=? 
        and p1_0.usuario_codigo=?
Hibernate: 
    select
        count(p1_0.id) 
    from
        produto p1_0 
    where
        p1_0.categoria_id=? 
        and p1_0.usuario_codigo=?
2026-06-28T23:09:10.481-03:00 DEBUG 23444 --- [StockHub-Spring] [nio-8080-exec-8] org.hibernate.SQL                        : 
    select
        count(p1_0.id) 
    from
        produto p1_0 
    where
        p1_0.categoria_id=? 
        and p1_0.usuario_codigo=?
Hibernate: 
    select
        count(p1_0.id) 
    from
        produto p1_0 
    where
        p1_0.categoria_id=? 
        and p1_0.usuario_codigo=?
2026-06-28T23:09:10.482-03:00 DEBUG 23444 --- [StockHub-Spring] [nio-8080-exec-8] org.hibernate.SQL                        : 
    select
        count(p1_0.id) 
    from
        produto p1_0 
    where
        p1_0.categoria_id=? 
        and p1_0.usuario_codigo=?
Hibernate: 
    select
        count(p1_0.id) 
    from
        produto p1_0 
    where
        p1_0.categoria_id=? 
        and p1_0.usuario_codigo=?
2026-06-28T23:09:10.483-03:00 DEBUG 23444 --- [StockHub-Spring] [nio-8080-exec-8] org.hibernate.SQL                        : 
    select
        count(p1_0.id) 
    from
        produto p1_0 
    where
        p1_0.categoria_id=? 
        and p1_0.usuario_codigo=?
Hibernate: 
    select
        count(p1_0.id) 
    from
        produto p1_0 
    where
        p1_0.categoria_id=? 
        and p1_0.usuario_codigo=?
2026-06-28T23:09:10.483-03:00 DEBUG 23444 --- [StockHub-Spring] [nio-8080-exec-8] org.hibernate.SQL                        : 
    select
        count(p1_0.id) 
    from
        produto p1_0 
    where
        p1_0.categoria_id=? 
        and p1_0.usuario_codigo=?
Hibernate: 
    select
        count(p1_0.id) 
    from
        produto p1_0 
    where
        p1_0.categoria_id=? 
        and p1_0.usuario_codigo=?
2026-06-28T23:09:10.484-03:00 DEBUG 23444 --- [StockHub-Spring] [nio-8080-exec-8] org.hibernate.SQL                        : 
    select
        count(p1_0.id) 
    from
        produto p1_0 
    where
        p1_0.categoria_id=? 
        and p1_0.usuario_codigo=?
Hibernate: 
    select
        count(p1_0.id) 
    from
        produto p1_0 
    where
        p1_0.categoria_id=? 
        and p1_0.usuario_codigo=?
2026-06-28T23:09:10.485-03:00 DEBUG 23444 --- [StockHub-Spring] [nio-8080-exec-8] org.hibernate.SQL                        : 
    select
        count(p1_0.id) 
    from
        produto p1_0 
    where
        p1_0.categoria_id=? 
        and p1_0.usuario_codigo=?
Hibernate: 
    select
        count(p1_0.id) 
    from
        produto p1_0 
    where
        p1_0.categoria_id=? 
        and p1_0.usuario_codigo=?
2026-06-28T23:09:10.485-03:00 DEBUG 23444 --- [StockHub-Spring] [nio-8080-exec-8] org.hibernate.SQL                        : 
    select
        count(p1_0.id) 
    from
        produto p1_0 
    where
        p1_0.categoria_id=? 
        and p1_0.usuario_codigo=?
Hibernate: 
    select
        count(p1_0.id) 
    from
        produto p1_0 
    where
        p1_0.categoria_id=? 
        and p1_0.usuario_codigo=?
2026-06-28T23:09:10.487-03:00 DEBUG 23444 --- [StockHub-Spring] [nio-8080-exec-8] org.hibernate.SQL                        : 
    select
        count(p1_0.id) 
    from
        produto p1_0 
    where
        p1_0.categoria_id=? 
        and p1_0.usuario_codigo=?
Hibernate: 
    select
        count(p1_0.id) 
    from
        produto p1_0 
    where
        p1_0.categoria_id=? 
        and p1_0.usuario_codigo=?
2026-06-28T23:09:10.487-03:00 DEBUG 23444 --- [StockHub-Spring] [nio-8080-exec-8] org.hibernate.SQL                        : 
    select
        count(p1_0.id) 
    from
        produto p1_0 
    where
        p1_0.categoria_id=? 
        and p1_0.usuario_codigo=?
Hibernate: 
    select
        count(p1_0.id) 
    from
        produto p1_0 
    where
        p1_0.categoria_id=? 
        and p1_0.usuario_codigo=?
2026-06-28T23:09:10.488-03:00 DEBUG 23444 --- [StockHub-Spring] [nio-8080-exec-8] org.hibernate.SQL                        : 
    select
        count(p1_0.id) 
    from
        produto p1_0 
    where
        p1_0.categoria_id=? 
        and p1_0.usuario_codigo=?
Hibernate: 
    select
        count(p1_0.id) 
    from
        produto p1_0 
    where
        p1_0.categoria_id=? 
        and p1_0.usuario_codigo=?
2026-06-28T23:09:10.488-03:00 DEBUG 23444 --- [StockHub-Spring] [nio-8080-exec-8] org.hibernate.SQL                        : 
    select
        count(p1_0.id) 
    from
        produto p1_0 
    where
        p1_0.categoria_id=? 
        and p1_0.usuario_codigo=?
Hibernate: 
    select
        count(p1_0.id) 
    from
        produto p1_0 
    where
        p1_0.categoria_id=? 
        and p1_0.usuario_codigo=?
2026-06-28T23:09:10.489-03:00 DEBUG 23444 --- [StockHub-Spring] [nio-8080-exec-8] org.hibernate.SQL                        : 
    select
        count(p1_0.id) 
    from
        produto p1_0 
    where
        p1_0.usuario_codigo=? 
        and p1_0.quantidade<=p1_0.estoque_minimo
Hibernate: 
    select
        count(p1_0.id) 
    from
        produto p1_0 
    where
        p1_0.usuario_codigo=? 
        and p1_0.quantidade<=p1_0.estoque_minimo
2026-06-28T23:09:10.491-03:00 DEBUG 23444 --- [StockHub-Spring] [nio-8080-exec-8] org.hibernate.SQL                        : 
    select
        p1_0.id,
        p1_0.categoria_id,
        p1_0.descricao,
        p1_0.estoque_minimo,
        p1_0.nome,
        p1_0.preco,
        p1_0.quantidade,
        p1_0.usuario_codigo 
    from
        produto p1_0 
    where
        p1_0.usuario_codigo=? 
    order by
        p1_0.id desc
Hibernate: 
    select
        p1_0.id,
        p1_0.categoria_id,
        p1_0.descricao,
        p1_0.estoque_minimo,
        p1_0.nome,
        p1_0.preco,
        p1_0.quantidade,
        p1_0.usuario_codigo 
    from
        produto p1_0 
    where
        p1_0.usuario_codigo=? 
    order by
        p1_0.id desc
2026-06-28T23:09:10.494-03:00 DEBUG 23444 --- [StockHub-Spring] [nio-8080-exec-8] o.s.w.s.v.ContentNegotiatingViewResolver : Selected 'text/html' given [text/html, application/xhtml+xml, image/avif, image/webp, image/apng, application/xml;q=0.9, */*;q=0.8]
2026-06-28T23:09:10.494-03:00 DEBUG 23444 --- [StockHub-Spring] [nio-8080-exec-8] o.s.web.servlet.view.JstlView            : View name [valor-estoque], model {usuarioLogado=org.example.stockhubspring.model.Usuario@1383e7e2, resumo=org.example.stockhubspring.model.ResumoEstoque@2c9032c6, produtos=[org.example.stockhubspring.model.Produto@4412b6b3, org.example.stockhubspring.model.Produto@7c579480, org.example.stockhubspring.model.Produto@372c5c82, org.example.stockhubspring.model.Produto@27be9698, org.example.stockhubspring.model.Produto@1bc63d79, org.example.stockhubspring.model.Produto@3b6b1066, org.example.stockhubspring.model.Produto@4afc567b, org.example.stockhubspring.model.Produto@3ae63aa3, org.example.stockhubspring.model.Produto@4954eaff, org.example.stockhubspring.model.Produto@1f4ccf20, org.example.stockhubspring.model.Produto@477b794c, org.example.stockhubspring.model.Produto@1dc6d4cd, org.example.stockhubspring.model.Produto@2422a16a, org.example.stockhubspring.model.Produto@651b4fce, org.example.stockhubspring.model.Produto@fcdb722, org.example.stockhubspring.model.Produto@231efd19, org.example.stockhubspring.model.Produto@23bab4ec, org.example.stockhubspring.model.Produto@5502700c, org.example.stockhubspring.model.Produto@97f48f5, org.example.stockhubspring.model.Produto@42a29022, org.example.stockhubspring.model.Produto@241be3a9, org.example.stockhubspring.model.Produto@412c6f4c, org.example.stockhubspring.model.Produto@374828f1, org.example.stockhubspring.model.Produto@514d06e0, org.example.stockhubspring.model.Produto@21049836, org.example.stockhubspring.model.Produto@31b90fdf, org.example.stockhubspring.model.Produto@381313d4, org.example.stockhubspring.model.Produto@236f86e4, org.example.stockhubspring.model.Produto@21443fb8, org.example.stockhubspring.model.Produto@30c90d86, org.example.stockhubspring.model.Produto@58272da3, org.example.stockhubspring.model.Produto@35f9fb5e, org.example.stockhubspring.model.Produto@50493b20, org.example.stockhubspring.model.Produto@29fb6fd0, org.example.stockhubspring.model.Produto@4d652e6a, org.example.stockhubspring.model.Produto@480b975d, org.example.stockhubspring.model.Produto@7b397397, org.example.stockhubspring.model.Produto@4f908e9f, org.example.stockhubspring.model.Produto@12e2c274, org.example.stockhubspring.model.Produto@60b4c19b, org.example.stockhubspring.model.Produto@4eba5f6a, org.example.stockhubspring.model.Produto@55960feb, org.example.stockhubspring.model.Produto@a19d85b, org.example.stockhubspring.model.Produto@285a6c5d, org.example.stockhubspring.model.Produto@78383036, org.example.stockhubspring.model.Produto@1cf51f95, org.example.stockhubspring.model.Produto@6cc66e9d, org.example.stockhubspring.model.Produto@535ebd05, org.example.stockhubspring.model.Produto@35414c06, org.example.stockhubspring.model.Produto@5217ed7d, org.example.stockhubspring.model.Produto@254a6b07, org.example.stockhubspring.model.Produto@55a5b820, org.example.stockhubspring.model.Produto@5373e629, org.example.stockhubspring.model.Produto@4c59eff5, org.example.stockhubspring.model.Produto@1e82ccbc, org.example.stockhubspring.model.Produto@72ff0aab, org.example.stockhubspring.model.Produto@a2e245b, org.example.stockhubspring.model.Produto@7407c06d, org.example.stockhubspring.model.Produto@6334f3c2, org.example.stockhubspring.model.Produto@2e17bc6, org.example.stockhubspring.model.Produto@e2c74f1, org.example.stockhubspring.model.Produto@1aedfa93, org.example.stockhubspring.model.Produto@195ad0de, org.example.stockhubspring.model.Produto@6da6ce6a, org.example.stockhubspring.model.Produto@1dcd6e3f, org.example.stockhubspring.model.Produto@5e31b06e, org.example.stockhubspring.model.Produto@1e369fbc, org.example.stockhubspring.model.Produto@dbaa269, org.example.stockhubspring.model.Produto@4dd7eed4, org.example.stockhubspring.model.Produto@217d9680, org.example.stockhubspring.model.Produto@1b66baa5, org.example.stockhubspring.model.Produto@47e265c0, org.example.stockhubspring.model.Produto@17e1dfe0, org.example.stockhubspring.model.Produto@76cabeaf, org.example.stockhubspring.model.Produto@5d82a4d5, org.example.stockhubspring.model.Produto@6f18711c, org.example.stockhubspring.model.Produto@3dc7d5ad, org.example.stockhubspring.model.Produto@7e9f8d54, org.example.stockhubspring.model.Produto@7aea111f, org.example.stockhubspring.model.Produto@65752fcb, org.example.stockhubspring.model.Produto@244e4ab3, org.example.stockhubspring.model.Produto@265ddd4c, org.example.stockhubspring.model.Produto@47bc8fbf, org.example.stockhubspring.model.Produto@5e00a247, org.example.stockhubspring.model.Produto@14fb190b, org.example.stockhubspring.model.Produto@1465d1fd, org.example.stockhubspring.model.Produto@45b82cfe], org.springframework.validation.BindingResult.usuarioLogado=org.springframework.validation.BeanPropertyBindingResult: 0 errors, org.springframework.validation.BindingResult.resumo=org.springframework.validation.BeanPropertyBindingResult: 0 errors}
2026-06-28T23:09:10.494-03:00 DEBUG 23444 --- [StockHub-Spring] [nio-8080-exec-8] o.s.web.servlet.view.JstlView            : Forwarding to [/WEB-INF/pages/valor-estoque.jsp]
2026-06-28T23:09:10.606-03:00 DEBUG 23444 --- [StockHub-Spring] [nio-8080-exec-8] o.s.web.servlet.DispatcherServlet        : Completed 200 OK
2026-06-28T23:09:12.024-03:00 DEBUG 23444 --- [StockHub-Spring] [nio-8080-exec-9] o.s.web.servlet.DispatcherServlet        : GET "/dashboard", parameters={}
2026-06-28T23:09:12.025-03:00 DEBUG 23444 --- [StockHub-Spring] [nio-8080-exec-9] s.w.s.m.m.a.RequestMappingHandlerMapping : Mapped to org.example.stockhubspring.controller.DashboardController#dashboard(Model)
2026-06-28T23:09:12.026-03:00 DEBUG 23444 --- [StockHub-Spring] [nio-8080-exec-9] org.hibernate.SQL                        : 
    select
        p1_0.id,
        p1_0.categoria_id,
        p1_0.descricao,
        p1_0.estoque_minimo,
        p1_0.nome,
        p1_0.preco,
        p1_0.quantidade,
        p1_0.usuario_codigo 
    from
        produto p1_0 
    where
        p1_0.usuario_codigo=? 
    order by
        p1_0.id desc
Hibernate: 
    select
        p1_0.id,
        p1_0.categoria_id,
        p1_0.descricao,
        p1_0.estoque_minimo,
        p1_0.nome,
        p1_0.preco,
        p1_0.quantidade,
        p1_0.usuario_codigo 
    from
        produto p1_0 
    where
        p1_0.usuario_codigo=? 
    order by
        p1_0.id desc
2026-06-28T23:09:12.028-03:00 DEBUG 23444 --- [StockHub-Spring] [nio-8080-exec-9] org.hibernate.SQL                        : 
    select
        c1_0.id,
        c1_0.descricao,
        c1_0.nome,
        c1_0.usuario_codigo 
    from
        categoria c1_0 
    where
        c1_0.usuario_codigo=? 
    order by
        c1_0.nome
Hibernate: 
    select
        c1_0.id,
        c1_0.descricao,
        c1_0.nome,
        c1_0.usuario_codigo 
    from
        categoria c1_0 
    where
        c1_0.usuario_codigo=? 
    order by
        c1_0.nome
2026-06-28T23:09:12.029-03:00 DEBUG 23444 --- [StockHub-Spring] [nio-8080-exec-9] org.hibernate.SQL                        : 
    select
        count(p1_0.id) 
    from
        produto p1_0 
    where
        p1_0.categoria_id=? 
        and p1_0.usuario_codigo=?
Hibernate: 
    select
        count(p1_0.id) 
    from
        produto p1_0 
    where
        p1_0.categoria_id=? 
        and p1_0.usuario_codigo=?
2026-06-28T23:09:12.030-03:00 DEBUG 23444 --- [StockHub-Spring] [nio-8080-exec-9] org.hibernate.SQL                        : 
    select
        count(p1_0.id) 
    from
        produto p1_0 
    where
        p1_0.categoria_id=? 
        and p1_0.usuario_codigo=?
Hibernate: 
    select
        count(p1_0.id) 
    from
        produto p1_0 
    where
        p1_0.categoria_id=? 
        and p1_0.usuario_codigo=?
2026-06-28T23:09:12.031-03:00 DEBUG 23444 --- [StockHub-Spring] [nio-8080-exec-9] org.hibernate.SQL                        : 
    select
        count(p1_0.id) 
    from
        produto p1_0 
    where
        p1_0.categoria_id=? 
        and p1_0.usuario_codigo=?
Hibernate: 
    select
        count(p1_0.id) 
    from
        produto p1_0 
    where
        p1_0.categoria_id=? 
        and p1_0.usuario_codigo=?
2026-06-28T23:09:12.032-03:00 DEBUG 23444 --- [StockHub-Spring] [nio-8080-exec-9] org.hibernate.SQL                        : 
    select
        count(p1_0.id) 
    from
        produto p1_0 
    where
        p1_0.categoria_id=? 
        and p1_0.usuario_codigo=?
Hibernate: 
    select
        count(p1_0.id) 
    from
        produto p1_0 
    where
        p1_0.categoria_id=? 
        and p1_0.usuario_codigo=?
2026-06-28T23:09:12.032-03:00 DEBUG 23444 --- [StockHub-Spring] [nio-8080-exec-9] org.hibernate.SQL                        : 
    select
        count(p1_0.id) 
    from
        produto p1_0 
    where
        p1_0.categoria_id=? 
        and p1_0.usuario_codigo=?
Hibernate: 
    select
        count(p1_0.id) 
    from
        produto p1_0 
    where
        p1_0.categoria_id=? 
        and p1_0.usuario_codigo=?
2026-06-28T23:09:12.033-03:00 DEBUG 23444 --- [StockHub-Spring] [nio-8080-exec-9] org.hibernate.SQL                        : 
    select
        count(p1_0.id) 
    from
        produto p1_0 
    where
        p1_0.categoria_id=? 
        and p1_0.usuario_codigo=?
Hibernate: 
    select
        count(p1_0.id) 
    from
        produto p1_0 
    where
        p1_0.categoria_id=? 
        and p1_0.usuario_codigo=?
2026-06-28T23:09:12.034-03:00 DEBUG 23444 --- [StockHub-Spring] [nio-8080-exec-9] org.hibernate.SQL                        : 
    select
        count(p1_0.id) 
    from
        produto p1_0 
    where
        p1_0.categoria_id=? 
        and p1_0.usuario_codigo=?
Hibernate: 
    select
        count(p1_0.id) 
    from
        produto p1_0 
    where
        p1_0.categoria_id=? 
        and p1_0.usuario_codigo=?
2026-06-28T23:09:12.034-03:00 DEBUG 23444 --- [StockHub-Spring] [nio-8080-exec-9] org.hibernate.SQL                        : 
    select
        count(p1_0.id) 
    from
        produto p1_0 
    where
        p1_0.categoria_id=? 
        and p1_0.usuario_codigo=?
Hibernate: 
    select
        count(p1_0.id) 
    from
        produto p1_0 
    where
        p1_0.categoria_id=? 
        and p1_0.usuario_codigo=?
2026-06-28T23:09:12.036-03:00 DEBUG 23444 --- [StockHub-Spring] [nio-8080-exec-9] org.hibernate.SQL                        : 
    select
        count(p1_0.id) 
    from
        produto p1_0 
    where
        p1_0.categoria_id=? 
        and p1_0.usuario_codigo=?
Hibernate: 
    select
        count(p1_0.id) 
    from
        produto p1_0 
    where
        p1_0.categoria_id=? 
        and p1_0.usuario_codigo=?
2026-06-28T23:09:12.037-03:00 DEBUG 23444 --- [StockHub-Spring] [nio-8080-exec-9] org.hibernate.SQL                        : 
    select
        count(p1_0.id) 
    from
        produto p1_0 
    where
        p1_0.categoria_id=? 
        and p1_0.usuario_codigo=?
Hibernate: 
    select
        count(p1_0.id) 
    from
        produto p1_0 
    where
        p1_0.categoria_id=? 
        and p1_0.usuario_codigo=?
2026-06-28T23:09:12.038-03:00 DEBUG 23444 --- [StockHub-Spring] [nio-8080-exec-9] org.hibernate.SQL                        : 
    select
        count(p1_0.id) 
    from
        produto p1_0 
    where
        p1_0.categoria_id=? 
        and p1_0.usuario_codigo=?
Hibernate: 
    select
        count(p1_0.id) 
    from
        produto p1_0 
    where
        p1_0.categoria_id=? 
        and p1_0.usuario_codigo=?
2026-06-28T23:09:12.038-03:00 DEBUG 23444 --- [StockHub-Spring] [nio-8080-exec-9] org.hibernate.SQL                        : 
    select
        count(p1_0.id) 
    from
        produto p1_0 
    where
        p1_0.categoria_id=? 
        and p1_0.usuario_codigo=?
Hibernate: 
    select
        count(p1_0.id) 
    from
        produto p1_0 
    where
        p1_0.categoria_id=? 
        and p1_0.usuario_codigo=?
2026-06-28T23:09:12.039-03:00 DEBUG 23444 --- [StockHub-Spring] [nio-8080-exec-9] org.hibernate.SQL                        : 
    select
        count(p1_0.id) 
    from
        produto p1_0 
    where
        p1_0.categoria_id=? 
        and p1_0.usuario_codigo=?
Hibernate: 
    select
        count(p1_0.id) 
    from
        produto p1_0 
    where
        p1_0.categoria_id=? 
        and p1_0.usuario_codigo=?
2026-06-28T23:09:12.040-03:00 DEBUG 23444 --- [StockHub-Spring] [nio-8080-exec-9] org.hibernate.SQL                        : 
    select
        count(p1_0.id) 
    from
        produto p1_0 
    where
        p1_0.categoria_id=? 
        and p1_0.usuario_codigo=?
Hibernate: 
    select
        count(p1_0.id) 
    from
        produto p1_0 
    where
        p1_0.categoria_id=? 
        and p1_0.usuario_codigo=?
2026-06-28T23:09:12.040-03:00 DEBUG 23444 --- [StockHub-Spring] [nio-8080-exec-9] org.hibernate.SQL                        : 
    select
        count(p1_0.id) 
    from
        produto p1_0 
    where
        p1_0.categoria_id=? 
        and p1_0.usuario_codigo=?
Hibernate: 
    select
        count(p1_0.id) 
    from
        produto p1_0 
    where
        p1_0.categoria_id=? 
        and p1_0.usuario_codigo=?
2026-06-28T23:09:12.041-03:00 DEBUG 23444 --- [StockHub-Spring] [nio-8080-exec-9] org.hibernate.SQL                        : 
    select
        count(p1_0.id) 
    from
        produto p1_0 
    where
        p1_0.usuario_codigo=? 
        and p1_0.quantidade<=p1_0.estoque_minimo
Hibernate: 
    select
        count(p1_0.id) 
    from
        produto p1_0 
    where
        p1_0.usuario_codigo=? 
        and p1_0.quantidade<=p1_0.estoque_minimo
2026-06-28T23:09:12.042-03:00 DEBUG 23444 --- [StockHub-Spring] [nio-8080-exec-9] org.hibernate.SQL                        : 
    select
        p1_0.id,
        p1_0.categoria_id,
        p1_0.descricao,
        p1_0.estoque_minimo,
        p1_0.nome,
        p1_0.preco,
        p1_0.quantidade,
        p1_0.usuario_codigo 
    from
        produto p1_0 
    where
        p1_0.usuario_codigo=? 
    order by
        p1_0.id desc
Hibernate: 
    select
        p1_0.id,
        p1_0.categoria_id,
        p1_0.descricao,
        p1_0.estoque_minimo,
        p1_0.nome,
        p1_0.preco,
        p1_0.quantidade,
        p1_0.usuario_codigo 
    from
        produto p1_0 
    where
        p1_0.usuario_codigo=? 
    order by
        p1_0.id desc
2026-06-28T23:09:12.042-03:00 DEBUG 23444 --- [StockHub-Spring] [nio-8080-exec-9] org.hibernate.SQL                        : 
    select
        p1_0.id,
        p1_0.categoria_id,
        p1_0.descricao,
        p1_0.estoque_minimo,
        p1_0.nome,
        p1_0.preco,
        p1_0.quantidade,
        p1_0.usuario_codigo 
    from
        produto p1_0 
    where
        p1_0.usuario_codigo=? 
        and p1_0.quantidade<=p1_0.estoque_minimo 
    order by
        p1_0.quantidade,
        p1_0.nome
Hibernate: 
    select
        p1_0.id,
        p1_0.categoria_id,
        p1_0.descricao,
        p1_0.estoque_minimo,
        p1_0.nome,
        p1_0.preco,
        p1_0.quantidade,
        p1_0.usuario_codigo 
    from
        produto p1_0 
    where
        p1_0.usuario_codigo=? 
        and p1_0.quantidade<=p1_0.estoque_minimo 
    order by
        p1_0.quantidade,
        p1_0.nome
2026-06-28T23:09:12.043-03:00 DEBUG 23444 --- [StockHub-Spring] [nio-8080-exec-9] o.s.w.s.v.ContentNegotiatingViewResolver : Selected 'text/html' given [text/html, application/xhtml+xml, image/avif, image/webp, image/apng, application/xml;q=0.9, */*;q=0.8]
2026-06-28T23:09:12.044-03:00 DEBUG 23444 --- [StockHub-Spring] [nio-8080-exec-9] o.s.web.servlet.view.JstlView            : View name [dashboard], model {usuarioLogado=org.example.stockhubspring.model.Usuario@1383e7e2, resumo=org.example.stockhubspring.model.ResumoEstoque@e91d157, produtosRecentes=[org.example.stockhubspring.model.Produto@74bb717f, org.example.stockhubspring.model.Produto@5fb88920, org.example.stockhubspring.model.Produto@6deb80f5, org.example.stockhubspring.model.Produto@51eb961f, org.example.stockhubspring.model.Produto@7ef425d4, org.example.stockhubspring.model.Produto@651e52a3], produtosEstoqueBaixo=[org.example.stockhubspring.model.Produto@51eb961f, org.example.stockhubspring.model.Produto@7eefdbd1, org.example.stockhubspring.model.Produto@7f908e92, org.example.stockhubspring.model.Produto@579327b2, org.example.stockhubspring.model.Produto@36e50c82, org.example.stockhubspring.model.Produto@5951c5f2], org.springframework.validation.BindingResult.usuarioLogado=org.springframework.validation.BeanPropertyBindingResult: 0 errors, org.springframework.validation.BindingResult.resumo=org.springframework.validation.BeanPropertyBindingResult: 0 errors}
2026-06-28T23:09:12.044-03:00 DEBUG 23444 --- [StockHub-Spring] [nio-8080-exec-9] o.s.web.servlet.view.JstlView            : Forwarding to [/WEB-INF/pages/dashboard.jsp]
2026-06-28T23:09:12.046-03:00 DEBUG 23444 --- [StockHub-Spring] [nio-8080-exec-9] o.s.web.servlet.DispatcherServlet        : Completed 200 OK
2026-06-28T23:09:12.852-03:00 DEBUG 23444 --- [StockHub-Spring] [io-8080-exec-10] o.s.web.servlet.DispatcherServlet        : GET "/unidades", parameters={}
2026-06-28T23:09:12.852-03:00 DEBUG 23444 --- [StockHub-Spring] [io-8080-exec-10] s.w.s.m.m.a.RequestMappingHandlerMapping : Mapped to org.example.stockhubspring.controller.DashboardController#unidades(Model)
2026-06-28T23:09:12.853-03:00 DEBUG 23444 --- [StockHub-Spring] [io-8080-exec-10] org.hibernate.SQL                        : 
    select
        p1_0.id,
        p1_0.categoria_id,
        p1_0.descricao,
        p1_0.estoque_minimo,
        p1_0.nome,
        p1_0.preco,
        p1_0.quantidade,
        p1_0.usuario_codigo 
    from
        produto p1_0 
    where
        p1_0.usuario_codigo=? 
    order by
        p1_0.id desc
Hibernate: 
    select
        p1_0.id,
        p1_0.categoria_id,
        p1_0.descricao,
        p1_0.estoque_minimo,
        p1_0.nome,
        p1_0.preco,
        p1_0.quantidade,
        p1_0.usuario_codigo 
    from
        produto p1_0 
    where
        p1_0.usuario_codigo=? 
    order by
        p1_0.id desc
2026-06-28T23:09:12.855-03:00 DEBUG 23444 --- [StockHub-Spring] [io-8080-exec-10] org.hibernate.SQL                        : 
    select
        c1_0.id,
        c1_0.descricao,
        c1_0.nome,
        c1_0.usuario_codigo 
    from
        categoria c1_0 
    where
        c1_0.usuario_codigo=? 
    order by
        c1_0.nome
Hibernate: 
    select
        c1_0.id,
        c1_0.descricao,
        c1_0.nome,
        c1_0.usuario_codigo 
    from
        categoria c1_0 
    where
        c1_0.usuario_codigo=? 
    order by
        c1_0.nome
2026-06-28T23:09:12.857-03:00 DEBUG 23444 --- [StockHub-Spring] [io-8080-exec-10] org.hibernate.SQL                        : 
    select
        count(p1_0.id) 
    from
        produto p1_0 
    where
        p1_0.categoria_id=? 
        and p1_0.usuario_codigo=?
Hibernate: 
    select
        count(p1_0.id) 
    from
        produto p1_0 
    where
        p1_0.categoria_id=? 
        and p1_0.usuario_codigo=?
2026-06-28T23:09:12.857-03:00 DEBUG 23444 --- [StockHub-Spring] [io-8080-exec-10] org.hibernate.SQL                        : 
    select
        count(p1_0.id) 
    from
        produto p1_0 
    where
        p1_0.categoria_id=? 
        and p1_0.usuario_codigo=?
Hibernate: 
    select
        count(p1_0.id) 
    from
        produto p1_0 
    where
        p1_0.categoria_id=? 
        and p1_0.usuario_codigo=?
2026-06-28T23:09:12.858-03:00 DEBUG 23444 --- [StockHub-Spring] [io-8080-exec-10] org.hibernate.SQL                        : 
    select
        count(p1_0.id) 
    from
        produto p1_0 
    where
        p1_0.categoria_id=? 
        and p1_0.usuario_codigo=?
Hibernate: 
    select
        count(p1_0.id) 
    from
        produto p1_0 
    where
        p1_0.categoria_id=? 
        and p1_0.usuario_codigo=?
2026-06-28T23:09:12.859-03:00 DEBUG 23444 --- [StockHub-Spring] [io-8080-exec-10] org.hibernate.SQL                        : 
    select
        count(p1_0.id) 
    from
        produto p1_0 
    where
        p1_0.categoria_id=? 
        and p1_0.usuario_codigo=?
Hibernate: 
    select
        count(p1_0.id) 
    from
        produto p1_0 
    where
        p1_0.categoria_id=? 
        and p1_0.usuario_codigo=?
2026-06-28T23:09:12.859-03:00 DEBUG 23444 --- [StockHub-Spring] [io-8080-exec-10] org.hibernate.SQL                        : 
    select
        count(p1_0.id) 
    from
        produto p1_0 
    where
        p1_0.categoria_id=? 
        and p1_0.usuario_codigo=?
Hibernate: 
    select
        count(p1_0.id) 
    from
        produto p1_0 
    where
        p1_0.categoria_id=? 
        and p1_0.usuario_codigo=?
2026-06-28T23:09:12.860-03:00 DEBUG 23444 --- [StockHub-Spring] [io-8080-exec-10] org.hibernate.SQL                        : 
    select
        count(p1_0.id) 
    from
        produto p1_0 
    where
        p1_0.categoria_id=? 
        and p1_0.usuario_codigo=?
Hibernate: 
    select
        count(p1_0.id) 
    from
        produto p1_0 
    where
        p1_0.categoria_id=? 
        and p1_0.usuario_codigo=?
2026-06-28T23:09:12.862-03:00 DEBUG 23444 --- [StockHub-Spring] [io-8080-exec-10] org.hibernate.SQL                        : 
    select
        count(p1_0.id) 
    from
        produto p1_0 
    where
        p1_0.categoria_id=? 
        and p1_0.usuario_codigo=?
Hibernate: 
    select
        count(p1_0.id) 
    from
        produto p1_0 
    where
        p1_0.categoria_id=? 
        and p1_0.usuario_codigo=?
2026-06-28T23:09:12.863-03:00 DEBUG 23444 --- [StockHub-Spring] [io-8080-exec-10] org.hibernate.SQL                        : 
    select
        count(p1_0.id) 
    from
        produto p1_0 
    where
        p1_0.categoria_id=? 
        and p1_0.usuario_codigo=?
Hibernate: 
    select
        count(p1_0.id) 
    from
        produto p1_0 
    where
        p1_0.categoria_id=? 
        and p1_0.usuario_codigo=?
2026-06-28T23:09:12.864-03:00 DEBUG 23444 --- [StockHub-Spring] [io-8080-exec-10] org.hibernate.SQL                        : 
    select
        count(p1_0.id) 
    from
        produto p1_0 
    where
        p1_0.categoria_id=? 
        and p1_0.usuario_codigo=?
Hibernate: 
    select
        count(p1_0.id) 
    from
        produto p1_0 
    where
        p1_0.categoria_id=? 
        and p1_0.usuario_codigo=?
2026-06-28T23:09:12.865-03:00 DEBUG 23444 --- [StockHub-Spring] [io-8080-exec-10] org.hibernate.SQL                        : 
    select
        count(p1_0.id) 
    from
        produto p1_0 
    where
        p1_0.categoria_id=? 
        and p1_0.usuario_codigo=?
Hibernate: 
    select
        count(p1_0.id) 
    from
        produto p1_0 
    where
        p1_0.categoria_id=? 
        and p1_0.usuario_codigo=?
2026-06-28T23:09:12.865-03:00 DEBUG 23444 --- [StockHub-Spring] [io-8080-exec-10] org.hibernate.SQL                        : 
    select
        count(p1_0.id) 
    from
        produto p1_0 
    where
        p1_0.categoria_id=? 
        and p1_0.usuario_codigo=?
Hibernate: 
    select
        count(p1_0.id) 
    from
        produto p1_0 
    where
        p1_0.categoria_id=? 
        and p1_0.usuario_codigo=?
2026-06-28T23:09:12.867-03:00 DEBUG 23444 --- [StockHub-Spring] [io-8080-exec-10] org.hibernate.SQL                        : 
    select
        count(p1_0.id) 
    from
        produto p1_0 
    where
        p1_0.categoria_id=? 
        and p1_0.usuario_codigo=?
Hibernate: 
    select
        count(p1_0.id) 
    from
        produto p1_0 
    where
        p1_0.categoria_id=? 
        and p1_0.usuario_codigo=?
2026-06-28T23:09:12.869-03:00 DEBUG 23444 --- [StockHub-Spring] [io-8080-exec-10] org.hibernate.SQL                        : 
    select
        count(p1_0.id) 
    from
        produto p1_0 
    where
        p1_0.categoria_id=? 
        and p1_0.usuario_codigo=?
Hibernate: 
    select
        count(p1_0.id) 
    from
        produto p1_0 
    where
        p1_0.categoria_id=? 
        and p1_0.usuario_codigo=?
2026-06-28T23:09:12.870-03:00 DEBUG 23444 --- [StockHub-Spring] [io-8080-exec-10] org.hibernate.SQL                        : 
    select
        count(p1_0.id) 
    from
        produto p1_0 
    where
        p1_0.categoria_id=? 
        and p1_0.usuario_codigo=?
Hibernate: 
    select
        count(p1_0.id) 
    from
        produto p1_0 
    where
        p1_0.categoria_id=? 
        and p1_0.usuario_codigo=?
2026-06-28T23:09:12.872-03:00 DEBUG 23444 --- [StockHub-Spring] [io-8080-exec-10] org.hibernate.SQL                        : 
    select
        count(p1_0.id) 
    from
        produto p1_0 
    where
        p1_0.categoria_id=? 
        and p1_0.usuario_codigo=?
Hibernate: 
    select
        count(p1_0.id) 
    from
        produto p1_0 
    where
        p1_0.categoria_id=? 
        and p1_0.usuario_codigo=?
2026-06-28T23:09:12.874-03:00 DEBUG 23444 --- [StockHub-Spring] [io-8080-exec-10] org.hibernate.SQL                        : 
    select
        count(p1_0.id) 
    from
        produto p1_0 
    where
        p1_0.usuario_codigo=? 
        and p1_0.quantidade<=p1_0.estoque_minimo
Hibernate: 
    select
        count(p1_0.id) 
    from
        produto p1_0 
    where
        p1_0.usuario_codigo=? 
        and p1_0.quantidade<=p1_0.estoque_minimo
2026-06-28T23:09:12.875-03:00 DEBUG 23444 --- [StockHub-Spring] [io-8080-exec-10] org.hibernate.SQL                        : 
    select
        p1_0.id,
        p1_0.categoria_id,
        p1_0.descricao,
        p1_0.estoque_minimo,
        p1_0.nome,
        p1_0.preco,
        p1_0.quantidade,
        p1_0.usuario_codigo 
    from
        produto p1_0 
    where
        p1_0.usuario_codigo=? 
    order by
        p1_0.id desc
Hibernate: 
    select
        p1_0.id,
        p1_0.categoria_id,
        p1_0.descricao,
        p1_0.estoque_minimo,
        p1_0.nome,
        p1_0.preco,
        p1_0.quantidade,
        p1_0.usuario_codigo 
    from
        produto p1_0 
    where
        p1_0.usuario_codigo=? 
    order by
        p1_0.id desc
2026-06-28T23:09:12.878-03:00 DEBUG 23444 --- [StockHub-Spring] [io-8080-exec-10] o.s.w.s.v.ContentNegotiatingViewResolver : Selected 'text/html' given [text/html, application/xhtml+xml, image/avif, image/webp, image/apng, application/xml;q=0.9, */*;q=0.8]
2026-06-28T23:09:12.878-03:00 DEBUG 23444 --- [StockHub-Spring] [io-8080-exec-10] o.s.web.servlet.view.JstlView            : View name [unidades], model {usuarioLogado=org.example.stockhubspring.model.Usuario@1383e7e2, resumo=org.example.stockhubspring.model.ResumoEstoque@6eb84633, produtos=[org.example.stockhubspring.model.Produto@30514fe7, org.example.stockhubspring.model.Produto@6483c691, org.example.stockhubspring.model.Produto@da9bf26, org.example.stockhubspring.model.Produto@3070881c, org.example.stockhubspring.model.Produto@4a937f26, org.example.stockhubspring.model.Produto@5ddfa79d, org.example.stockhubspring.model.Produto@7f25638e, org.example.stockhubspring.model.Produto@1d1fd39d, org.example.stockhubspring.model.Produto@4ac9f61, org.example.stockhubspring.model.Produto@52b28b1f, org.example.stockhubspring.model.Produto@4db504ab, org.example.stockhubspring.model.Produto@7f15bc69, org.example.stockhubspring.model.Produto@d6ddce5, org.example.stockhubspring.model.Produto@6d5266ce, org.example.stockhubspring.model.Produto@2ea8de82, org.example.stockhubspring.model.Produto@1dc17899, org.example.stockhubspring.model.Produto@3101586b, org.example.stockhubspring.model.Produto@4218fdd4, org.example.stockhubspring.model.Produto@1970576a, org.example.stockhubspring.model.Produto@7f33be7b, org.example.stockhubspring.model.Produto@534af59f, org.example.stockhubspring.model.Produto@5935d101, org.example.stockhubspring.model.Produto@39e6d918, org.example.stockhubspring.model.Produto@571fb3d, org.example.stockhubspring.model.Produto@4b780eae, org.example.stockhubspring.model.Produto@367e4272, org.example.stockhubspring.model.Produto@57480273, org.example.stockhubspring.model.Produto@60e69d3b, org.example.stockhubspring.model.Produto@55717116, org.example.stockhubspring.model.Produto@f13a8c5, org.example.stockhubspring.model.Produto@6a85ce4e, org.example.stockhubspring.model.Produto@4bbabee4, org.example.stockhubspring.model.Produto@c4e294c, org.example.stockhubspring.model.Produto@19514633, org.example.stockhubspring.model.Produto@647d5844, org.example.stockhubspring.model.Produto@6c33586, org.example.stockhubspring.model.Produto@6285e28, org.example.stockhubspring.model.Produto@1be645ff, org.example.stockhubspring.model.Produto@30a6142e, org.example.stockhubspring.model.Produto@3d48932a, org.example.stockhubspring.model.Produto@68a6df9b, org.example.stockhubspring.model.Produto@19cdb6a0, org.example.stockhubspring.model.Produto@905f123, org.example.stockhubspring.model.Produto@1c6894ac, org.example.stockhubspring.model.Produto@aafa0a0, org.example.stockhubspring.model.Produto@1a3f83ab, org.example.stockhubspring.model.Produto@e6b7785, org.example.stockhubspring.model.Produto@52c57470, org.example.stockhubspring.model.Produto@357d85e3, org.example.stockhubspring.model.Produto@d5312c6, org.example.stockhubspring.model.Produto@7f93f419, org.example.stockhubspring.model.Produto@44bd7abd, org.example.stockhubspring.model.Produto@588ba92c, org.example.stockhubspring.model.Produto@1b2f0ec4, org.example.stockhubspring.model.Produto@5d5cb877, org.example.stockhubspring.model.Produto@148edc8e, org.example.stockhubspring.model.Produto@6ba2ed00, org.example.stockhubspring.model.Produto@74cc9edb, org.example.stockhubspring.model.Produto@575f2915, org.example.stockhubspring.model.Produto@1c95aa85, org.example.stockhubspring.model.Produto@7af4ba78, org.example.stockhubspring.model.Produto@239b5423, org.example.stockhubspring.model.Produto@53c6b6f0, org.example.stockhubspring.model.Produto@36503d45, org.example.stockhubspring.model.Produto@7b5bf49e, org.example.stockhubspring.model.Produto@2711454a, org.example.stockhubspring.model.Produto@797fb944, org.example.stockhubspring.model.Produto@2a151cb7, org.example.stockhubspring.model.Produto@54e98834, org.example.stockhubspring.model.Produto@7bd18675, org.example.stockhubspring.model.Produto@25ae49bb, org.example.stockhubspring.model.Produto@7435c32d, org.example.stockhubspring.model.Produto@191412ce, org.example.stockhubspring.model.Produto@5da7508a, org.example.stockhubspring.model.Produto@4f60cd43, org.example.stockhubspring.model.Produto@17304128, org.example.stockhubspring.model.Produto@7f804331, org.example.stockhubspring.model.Produto@2d2a86ba, org.example.stockhubspring.model.Produto@2d2df055, org.example.stockhubspring.model.Produto@216a8431, org.example.stockhubspring.model.Produto@94c5506, org.example.stockhubspring.model.Produto@29d79f4, org.example.stockhubspring.model.Produto@2756f252, org.example.stockhubspring.model.Produto@745931b2, org.example.stockhubspring.model.Produto@4a2bb8f2, org.example.stockhubspring.model.Produto@13d2b85c, org.example.stockhubspring.model.Produto@6c4e1dde], org.springframework.validation.BindingResult.usuarioLogado=org.springframework.validation.BeanPropertyBindingResult: 0 errors, org.springframework.validation.BindingResult.resumo=org.springframework.validation.BeanPropertyBindingResult: 0 errors}
2026-06-28T23:09:12.878-03:00 DEBUG 23444 --- [StockHub-Spring] [io-8080-exec-10] o.s.web.servlet.view.JstlView            : Forwarding to [/WEB-INF/pages/unidades.jsp]
2026-06-28T23:09:12.970-03:00 DEBUG 23444 --- [StockHub-Spring] [io-8080-exec-10] o.s.web.servlet.DispatcherServlet        : Completed 200 OK
2026-06-28T23:09:13.813-03:00 DEBUG 23444 --- [StockHub-Spring] [nio-8080-exec-1] o.s.web.servlet.DispatcherServlet        : GET "/dashboard", parameters={}
2026-06-28T23:09:13.814-03:00 DEBUG 23444 --- [StockHub-Spring] [nio-8080-exec-1] s.w.s.m.m.a.RequestMappingHandlerMapping : Mapped to org.example.stockhubspring.controller.DashboardController#dashboard(Model)
2026-06-28T23:09:13.816-03:00 DEBUG 23444 --- [StockHub-Spring] [nio-8080-exec-1] org.hibernate.SQL                        : 
    select
        p1_0.id,
        p1_0.categoria_id,
        p1_0.descricao,
        p1_0.estoque_minimo,
        p1_0.nome,
        p1_0.preco,
        p1_0.quantidade,
        p1_0.usuario_codigo 
    from
        produto p1_0 
    where
        p1_0.usuario_codigo=? 
    order by
        p1_0.id desc
Hibernate: 
    select
        p1_0.id,
        p1_0.categoria_id,
        p1_0.descricao,
        p1_0.estoque_minimo,
        p1_0.nome,
        p1_0.preco,
        p1_0.quantidade,
        p1_0.usuario_codigo 
    from
        produto p1_0 
    where
        p1_0.usuario_codigo=? 
    order by
        p1_0.id desc
2026-06-28T23:09:13.817-03:00 DEBUG 23444 --- [StockHub-Spring] [nio-8080-exec-1] org.hibernate.SQL                        : 
    select
        c1_0.id,
        c1_0.descricao,
        c1_0.nome,
        c1_0.usuario_codigo 
    from
        categoria c1_0 
    where
        c1_0.usuario_codigo=? 
    order by
        c1_0.nome
Hibernate: 
    select
        c1_0.id,
        c1_0.descricao,
        c1_0.nome,
        c1_0.usuario_codigo 
    from
        categoria c1_0 
    where
        c1_0.usuario_codigo=? 
    order by
        c1_0.nome
2026-06-28T23:09:13.818-03:00 DEBUG 23444 --- [StockHub-Spring] [nio-8080-exec-1] org.hibernate.SQL                        : 
    select
        count(p1_0.id) 
    from
        produto p1_0 
    where
        p1_0.categoria_id=? 
        and p1_0.usuario_codigo=?
Hibernate: 
    select
        count(p1_0.id) 
    from
        produto p1_0 
    where
        p1_0.categoria_id=? 
        and p1_0.usuario_codigo=?
2026-06-28T23:09:13.823-03:00 DEBUG 23444 --- [StockHub-Spring] [nio-8080-exec-1] org.hibernate.SQL                        : 
    select
        count(p1_0.id) 
    from
        produto p1_0 
    where
        p1_0.categoria_id=? 
        and p1_0.usuario_codigo=?
Hibernate: 
    select
        count(p1_0.id) 
    from
        produto p1_0 
    where
        p1_0.categoria_id=? 
        and p1_0.usuario_codigo=?
2026-06-28T23:09:13.825-03:00 DEBUG 23444 --- [StockHub-Spring] [nio-8080-exec-1] org.hibernate.SQL                        : 
    select
        count(p1_0.id) 
    from
        produto p1_0 
    where
        p1_0.categoria_id=? 
        and p1_0.usuario_codigo=?
Hibernate: 
    select
        count(p1_0.id) 
    from
        produto p1_0 
    where
        p1_0.categoria_id=? 
        and p1_0.usuario_codigo=?
2026-06-28T23:09:13.826-03:00 DEBUG 23444 --- [StockHub-Spring] [nio-8080-exec-1] org.hibernate.SQL                        : 
    select
        count(p1_0.id) 
    from
        produto p1_0 
    where
        p1_0.categoria_id=? 
        and p1_0.usuario_codigo=?
Hibernate: 
    select
        count(p1_0.id) 
    from
        produto p1_0 
    where
        p1_0.categoria_id=? 
        and p1_0.usuario_codigo=?
2026-06-28T23:09:13.827-03:00 DEBUG 23444 --- [StockHub-Spring] [nio-8080-exec-1] org.hibernate.SQL                        : 
    select
        count(p1_0.id) 
    from
        produto p1_0 
    where
        p1_0.categoria_id=? 
        and p1_0.usuario_codigo=?
Hibernate: 
    select
        count(p1_0.id) 
    from
        produto p1_0 
    where
        p1_0.categoria_id=? 
        and p1_0.usuario_codigo=?
2026-06-28T23:09:13.828-03:00 DEBUG 23444 --- [StockHub-Spring] [nio-8080-exec-1] org.hibernate.SQL                        : 
    select
        count(p1_0.id) 
    from
        produto p1_0 
    where
        p1_0.categoria_id=? 
        and p1_0.usuario_codigo=?
Hibernate: 
    select
        count(p1_0.id) 
    from
        produto p1_0 
    where
        p1_0.categoria_id=? 
        and p1_0.usuario_codigo=?
2026-06-28T23:09:13.830-03:00 DEBUG 23444 --- [StockHub-Spring] [nio-8080-exec-1] org.hibernate.SQL                        : 
    select
        count(p1_0.id) 
    from
        produto p1_0 
    where
        p1_0.categoria_id=? 
        and p1_0.usuario_codigo=?
Hibernate: 
    select
        count(p1_0.id) 
    from
        produto p1_0 
    where
        p1_0.categoria_id=? 
        and p1_0.usuario_codigo=?
2026-06-28T23:09:13.831-03:00 DEBUG 23444 --- [StockHub-Spring] [nio-8080-exec-1] org.hibernate.SQL                        : 
    select
        count(p1_0.id) 
    from
        produto p1_0 
    where
        p1_0.categoria_id=? 
        and p1_0.usuario_codigo=?
Hibernate: 
    select
        count(p1_0.id) 
    from
        produto p1_0 
    where
        p1_0.categoria_id=? 
        and p1_0.usuario_codigo=?
2026-06-28T23:09:13.832-03:00 DEBUG 23444 --- [StockHub-Spring] [nio-8080-exec-1] org.hibernate.SQL                        : 
    select
        count(p1_0.id) 
    from
        produto p1_0 
    where
        p1_0.categoria_id=? 
        and p1_0.usuario_codigo=?
Hibernate: 
    select
        count(p1_0.id) 
    from
        produto p1_0 
    where
        p1_0.categoria_id=? 
        and p1_0.usuario_codigo=?
2026-06-28T23:09:13.833-03:00 DEBUG 23444 --- [StockHub-Spring] [nio-8080-exec-1] org.hibernate.SQL                        : 
    select
        count(p1_0.id) 
    from
        produto p1_0 
    where
        p1_0.categoria_id=? 
        and p1_0.usuario_codigo=?
Hibernate: 
    select
        count(p1_0.id) 
    from
        produto p1_0 
    where
        p1_0.categoria_id=? 
        and p1_0.usuario_codigo=?
2026-06-28T23:09:13.834-03:00 DEBUG 23444 --- [StockHub-Spring] [nio-8080-exec-1] org.hibernate.SQL                        : 
    select
        count(p1_0.id) 
    from
        produto p1_0 
    where
        p1_0.categoria_id=? 
        and p1_0.usuario_codigo=?
Hibernate: 
    select
        count(p1_0.id) 
    from
        produto p1_0 
    where
        p1_0.categoria_id=? 
        and p1_0.usuario_codigo=?
2026-06-28T23:09:13.835-03:00 DEBUG 23444 --- [StockHub-Spring] [nio-8080-exec-1] org.hibernate.SQL                        : 
    select
        count(p1_0.id) 
    from
        produto p1_0 
    where
        p1_0.categoria_id=? 
        and p1_0.usuario_codigo=?
Hibernate: 
    select
        count(p1_0.id) 
    from
        produto p1_0 
    where
        p1_0.categoria_id=? 
        and p1_0.usuario_codigo=?
2026-06-28T23:09:13.836-03:00 DEBUG 23444 --- [StockHub-Spring] [nio-8080-exec-1] org.hibernate.SQL                        : 
    select
        count(p1_0.id) 
    from
        produto p1_0 
    where
        p1_0.categoria_id=? 
        and p1_0.usuario_codigo=?
Hibernate: 
    select
        count(p1_0.id) 
    from
        produto p1_0 
    where
        p1_0.categoria_id=? 
        and p1_0.usuario_codigo=?
2026-06-28T23:09:13.836-03:00 DEBUG 23444 --- [StockHub-Spring] [nio-8080-exec-1] org.hibernate.SQL                        : 
    select
        count(p1_0.id) 
    from
        produto p1_0 
    where
        p1_0.categoria_id=? 
        and p1_0.usuario_codigo=?
Hibernate: 
    select
        count(p1_0.id) 
    from
        produto p1_0 
    where
        p1_0.categoria_id=? 
        and p1_0.usuario_codigo=?
2026-06-28T23:09:13.837-03:00 DEBUG 23444 --- [StockHub-Spring] [nio-8080-exec-1] org.hibernate.SQL                        : 
    select
        count(p1_0.id) 
    from
        produto p1_0 
    where
        p1_0.categoria_id=? 
        and p1_0.usuario_codigo=?
Hibernate: 
    select
        count(p1_0.id) 
    from
        produto p1_0 
    where
        p1_0.categoria_id=? 
        and p1_0.usuario_codigo=?
2026-06-28T23:09:13.838-03:00 DEBUG 23444 --- [StockHub-Spring] [nio-8080-exec-1] org.hibernate.SQL                        : 
    select
        count(p1_0.id) 
    from
        produto p1_0 
    where
        p1_0.usuario_codigo=? 
        and p1_0.quantidade<=p1_0.estoque_minimo
Hibernate: 
    select
        count(p1_0.id) 
    from
        produto p1_0 
    where
        p1_0.usuario_codigo=? 
        and p1_0.quantidade<=p1_0.estoque_minimo
2026-06-28T23:09:13.848-03:00 DEBUG 23444 --- [StockHub-Spring] [nio-8080-exec-1] org.hibernate.SQL                        : 
    select
        p1_0.id,
        p1_0.categoria_id,
        p1_0.descricao,
        p1_0.estoque_minimo,
        p1_0.nome,
        p1_0.preco,
        p1_0.quantidade,
        p1_0.usuario_codigo 
    from
        produto p1_0 
    where
        p1_0.usuario_codigo=? 
    order by
        p1_0.id desc
Hibernate: 
    select
        p1_0.id,
        p1_0.categoria_id,
        p1_0.descricao,
        p1_0.estoque_minimo,
        p1_0.nome,
        p1_0.preco,
        p1_0.quantidade,
        p1_0.usuario_codigo 
    from
        produto p1_0 
    where
        p1_0.usuario_codigo=? 
    order by
        p1_0.id desc
2026-06-28T23:09:13.850-03:00 DEBUG 23444 --- [StockHub-Spring] [nio-8080-exec-1] org.hibernate.SQL                        : 
    select
        p1_0.id,
        p1_0.categoria_id,
        p1_0.descricao,
        p1_0.estoque_minimo,
        p1_0.nome,
        p1_0.preco,
        p1_0.quantidade,
        p1_0.usuario_codigo 
    from
        produto p1_0 
    where
        p1_0.usuario_codigo=? 
        and p1_0.quantidade<=p1_0.estoque_minimo 
    order by
        p1_0.quantidade,
        p1_0.nome
Hibernate: 
    select
        p1_0.id,
        p1_0.categoria_id,
        p1_0.descricao,
        p1_0.estoque_minimo,
        p1_0.nome,
        p1_0.preco,
        p1_0.quantidade,
        p1_0.usuario_codigo 
    from
        produto p1_0 
    where
        p1_0.usuario_codigo=? 
        and p1_0.quantidade<=p1_0.estoque_minimo 
    order by
        p1_0.quantidade,
        p1_0.nome
2026-06-28T23:09:13.852-03:00 DEBUG 23444 --- [StockHub-Spring] [nio-8080-exec-1] o.s.w.s.v.ContentNegotiatingViewResolver : Selected 'text/html' given [text/html, application/xhtml+xml, image/avif, image/webp, image/apng, application/xml;q=0.9, */*;q=0.8]
2026-06-28T23:09:13.852-03:00 DEBUG 23444 --- [StockHub-Spring] [nio-8080-exec-1] o.s.web.servlet.view.JstlView            : View name [dashboard], model {usuarioLogado=org.example.stockhubspring.model.Usuario@1383e7e2, resumo=org.example.stockhubspring.model.ResumoEstoque@24119ff5, produtosRecentes=[org.example.stockhubspring.model.Produto@48765684, org.example.stockhubspring.model.Produto@3e67d595, org.example.stockhubspring.model.Produto@6a55be93, org.example.stockhubspring.model.Produto@3f236915, org.example.stockhubspring.model.Produto@459bca03, org.example.stockhubspring.model.Produto@45506458], produtosEstoqueBaixo=[org.example.stockhubspring.model.Produto@3f236915, org.example.stockhubspring.model.Produto@69cdc999, org.example.stockhubspring.model.Produto@30087d49, org.example.stockhubspring.model.Produto@16823e57, org.example.stockhubspring.model.Produto@2766ab34, org.example.stockhubspring.model.Produto@4ec42d65], org.springframework.validation.BindingResult.usuarioLogado=org.springframework.validation.BeanPropertyBindingResult: 0 errors, org.springframework.validation.BindingResult.resumo=org.springframework.validation.BeanPropertyBindingResult: 0 errors}
2026-06-28T23:09:13.852-03:00 DEBUG 23444 --- [StockHub-Spring] [nio-8080-exec-1] o.s.web.servlet.view.JstlView            : Forwarding to [/WEB-INF/pages/dashboard.jsp]
2026-06-28T23:09:13.856-03:00 DEBUG 23444 --- [StockHub-Spring] [nio-8080-exec-1] o.s.web.servlet.DispatcherServlet        : Completed 200 OK
2026-06-28T23:09:14.341-03:00 DEBUG 23444 --- [StockHub-Spring] [nio-8080-exec-2] o.s.web.servlet.DispatcherServlet        : GET "/estoque-baixo", parameters={}
2026-06-28T23:09:14.342-03:00 DEBUG 23444 --- [StockHub-Spring] [nio-8080-exec-2] s.w.s.m.m.a.RequestMappingHandlerMapping : Mapped to org.example.stockhubspring.controller.DashboardController#estoqueBaixo(Model)
2026-06-28T23:09:14.344-03:00 DEBUG 23444 --- [StockHub-Spring] [nio-8080-exec-2] org.hibernate.SQL                        : 
    select
        p1_0.id,
        p1_0.categoria_id,
        p1_0.descricao,
        p1_0.estoque_minimo,
        p1_0.nome,
        p1_0.preco,
        p1_0.quantidade,
        p1_0.usuario_codigo 
    from
        produto p1_0 
    where
        p1_0.usuario_codigo=? 
        and p1_0.quantidade<=p1_0.estoque_minimo 
    order by
        p1_0.quantidade,
        p1_0.nome
Hibernate: 
    select
        p1_0.id,
        p1_0.categoria_id,
        p1_0.descricao,
        p1_0.estoque_minimo,
        p1_0.nome,
        p1_0.preco,
        p1_0.quantidade,
        p1_0.usuario_codigo 
    from
        produto p1_0 
    where
        p1_0.usuario_codigo=? 
        and p1_0.quantidade<=p1_0.estoque_minimo 
    order by
        p1_0.quantidade,
        p1_0.nome
2026-06-28T23:09:14.347-03:00 DEBUG 23444 --- [StockHub-Spring] [nio-8080-exec-2] o.s.w.s.v.ContentNegotiatingViewResolver : Selected 'text/html' given [text/html, application/xhtml+xml, image/avif, image/webp, image/apng, application/xml;q=0.9, */*;q=0.8]
2026-06-28T23:09:14.348-03:00 DEBUG 23444 --- [StockHub-Spring] [nio-8080-exec-2] o.s.web.servlet.view.JstlView            : View name [estoque-baixo], model {usuarioLogado=org.example.stockhubspring.model.Usuario@1383e7e2, produtos=[org.example.stockhubspring.model.Produto@7e9d1ed8, org.example.stockhubspring.model.Produto@663be045, org.example.stockhubspring.model.Produto@64cb496b, org.example.stockhubspring.model.Produto@5f92a8ae, org.example.stockhubspring.model.Produto@49ef165a, org.example.stockhubspring.model.Produto@706feeea, org.example.stockhubspring.model.Produto@4ed1619d, org.example.stockhubspring.model.Produto@4cc7731, org.example.stockhubspring.model.Produto@35a0ec34, org.example.stockhubspring.model.Produto@3a374cd4, org.example.stockhubspring.model.Produto@7faf0f86, org.example.stockhubspring.model.Produto@18bd9abd, org.example.stockhubspring.model.Produto@2a4e04d2, org.example.stockhubspring.model.Produto@2a1faca3, org.example.stockhubspring.model.Produto@2d4b5559, org.example.stockhubspring.model.Produto@59574a3f, org.example.stockhubspring.model.Produto@3e5bd53, org.example.stockhubspring.model.Produto@54c86338, org.example.stockhubspring.model.Produto@235e0565, org.example.stockhubspring.model.Produto@40bba583, org.example.stockhubspring.model.Produto@6e1a87e2, org.example.stockhubspring.model.Produto@795ce8ba, org.example.stockhubspring.model.Produto@2a7abfd9, org.example.stockhubspring.model.Produto@377090a8, org.example.stockhubspring.model.Produto@d6f3433], org.springframework.validation.BindingResult.usuarioLogado=org.springframework.validation.BeanPropertyBindingResult: 0 errors}
2026-06-28T23:09:14.348-03:00 DEBUG 23444 --- [StockHub-Spring] [nio-8080-exec-2] o.s.web.servlet.view.JstlView            : Forwarding to [/WEB-INF/pages/estoque-baixo.jsp]
2026-06-28T23:09:14.449-03:00 DEBUG 23444 --- [StockHub-Spring] [nio-8080-exec-2] org.hibernate.SQL                        : 
    select
        c1_0.id,
        c1_0.descricao,
        c1_0.nome,
        c1_0.usuario_codigo 
    from
        categoria c1_0 
    where
        c1_0.id=?
Hibernate: 
    select
        c1_0.id,
        c1_0.descricao,
        c1_0.nome,
        c1_0.usuario_codigo 
    from
        categoria c1_0 
    where
        c1_0.id=?
2026-06-28T23:09:14.451-03:00 DEBUG 23444 --- [StockHub-Spring] [nio-8080-exec-2] org.hibernate.SQL                        : 
    select
        c1_0.id,
        c1_0.descricao,
        c1_0.nome,
        c1_0.usuario_codigo 
    from
        categoria c1_0 
    where
        c1_0.id=?
Hibernate: 
    select
        c1_0.id,
        c1_0.descricao,
        c1_0.nome,
        c1_0.usuario_codigo 
    from
        categoria c1_0 
    where
        c1_0.id=?
2026-06-28T23:09:14.452-03:00 DEBUG 23444 --- [StockHub-Spring] [nio-8080-exec-2] org.hibernate.SQL                        : 
    select
        c1_0.id,
        c1_0.descricao,
        c1_0.nome,
        c1_0.usuario_codigo 
    from
        categoria c1_0 
    where
        c1_0.id=?
Hibernate: 
    select
        c1_0.id,
        c1_0.descricao,
        c1_0.nome,
        c1_0.usuario_codigo 
    from
        categoria c1_0 
    where
        c1_0.id=?
2026-06-28T23:09:14.453-03:00 DEBUG 23444 --- [StockHub-Spring] [nio-8080-exec-2] org.hibernate.SQL                        : 
    select
        c1_0.id,
        c1_0.descricao,
        c1_0.nome,
        c1_0.usuario_codigo 
    from
        categoria c1_0 
    where
        c1_0.id=?
Hibernate: 
    select
        c1_0.id,
        c1_0.descricao,
        c1_0.nome,
        c1_0.usuario_codigo 
    from
        categoria c1_0 
    where
        c1_0.id=?
2026-06-28T23:09:14.455-03:00 DEBUG 23444 --- [StockHub-Spring] [nio-8080-exec-2] org.hibernate.SQL                        : 
    select
        c1_0.id,
        c1_0.descricao,
        c1_0.nome,
        c1_0.usuario_codigo 
    from
        categoria c1_0 
    where
        c1_0.id=?
Hibernate: 
    select
        c1_0.id,
        c1_0.descricao,
        c1_0.nome,
        c1_0.usuario_codigo 
    from
        categoria c1_0 
    where
        c1_0.id=?
2026-06-28T23:09:14.456-03:00 DEBUG 23444 --- [StockHub-Spring] [nio-8080-exec-2] org.hibernate.SQL                        : 
    select
        c1_0.id,
        c1_0.descricao,
        c1_0.nome,
        c1_0.usuario_codigo 
    from
        categoria c1_0 
    where
        c1_0.id=?
Hibernate: 
    select
        c1_0.id,
        c1_0.descricao,
        c1_0.nome,
        c1_0.usuario_codigo 
    from
        categoria c1_0 
    where
        c1_0.id=?
2026-06-28T23:09:14.457-03:00 DEBUG 23444 --- [StockHub-Spring] [nio-8080-exec-2] org.hibernate.SQL                        : 
    select
        c1_0.id,
        c1_0.descricao,
        c1_0.nome,
        c1_0.usuario_codigo 
    from
        categoria c1_0 
    where
        c1_0.id=?
Hibernate: 
    select
        c1_0.id,
        c1_0.descricao,
        c1_0.nome,
        c1_0.usuario_codigo 
    from
        categoria c1_0 
    where
        c1_0.id=?
2026-06-28T23:09:14.459-03:00 DEBUG 23444 --- [StockHub-Spring] [nio-8080-exec-2] org.hibernate.SQL                        : 
    select
        c1_0.id,
        c1_0.descricao,
        c1_0.nome,
        c1_0.usuario_codigo 
    from
        categoria c1_0 
    where
        c1_0.id=?
Hibernate: 
    select
        c1_0.id,
        c1_0.descricao,
        c1_0.nome,
        c1_0.usuario_codigo 
    from
        categoria c1_0 
    where
        c1_0.id=?
2026-06-28T23:09:14.459-03:00 DEBUG 23444 --- [StockHub-Spring] [nio-8080-exec-2] org.hibernate.SQL                        : 
    select
        c1_0.id,
        c1_0.descricao,
        c1_0.nome,
        c1_0.usuario_codigo 
    from
        categoria c1_0 
    where
        c1_0.id=?
Hibernate: 
    select
        c1_0.id,
        c1_0.descricao,
        c1_0.nome,
        c1_0.usuario_codigo 
    from
        categoria c1_0 
    where
        c1_0.id=?
2026-06-28T23:09:14.460-03:00 DEBUG 23444 --- [StockHub-Spring] [nio-8080-exec-2] org.hibernate.SQL                        : 
    select
        c1_0.id,
        c1_0.descricao,
        c1_0.nome,
        c1_0.usuario_codigo 
    from
        categoria c1_0 
    where
        c1_0.id=?
Hibernate: 
    select
        c1_0.id,
        c1_0.descricao,
        c1_0.nome,
        c1_0.usuario_codigo 
    from
        categoria c1_0 
    where
        c1_0.id=?
2026-06-28T23:09:14.462-03:00 DEBUG 23444 --- [StockHub-Spring] [nio-8080-exec-2] org.hibernate.SQL                        : 
    select
        c1_0.id,
        c1_0.descricao,
        c1_0.nome,
        c1_0.usuario_codigo 
    from
        categoria c1_0 
    where
        c1_0.id=?
Hibernate: 
    select
        c1_0.id,
        c1_0.descricao,
        c1_0.nome,
        c1_0.usuario_codigo 
    from
        categoria c1_0 
    where
        c1_0.id=?
2026-06-28T23:09:14.463-03:00 DEBUG 23444 --- [StockHub-Spring] [nio-8080-exec-2] org.hibernate.SQL                        : 
    select
        c1_0.id,
        c1_0.descricao,
        c1_0.nome,
        c1_0.usuario_codigo 
    from
        categoria c1_0 
    where
        c1_0.id=?
Hibernate: 
    select
        c1_0.id,
        c1_0.descricao,
        c1_0.nome,
        c1_0.usuario_codigo 
    from
        categoria c1_0 
    where
        c1_0.id=?
2026-06-28T23:09:14.464-03:00 DEBUG 23444 --- [StockHub-Spring] [nio-8080-exec-2] org.hibernate.SQL                        : 
    select
        c1_0.id,
        c1_0.descricao,
        c1_0.nome,
        c1_0.usuario_codigo 
    from
        categoria c1_0 
    where
        c1_0.id=?
Hibernate: 
    select
        c1_0.id,
        c1_0.descricao,
        c1_0.nome,
        c1_0.usuario_codigo 
    from
        categoria c1_0 
    where
        c1_0.id=?
2026-06-28T23:09:14.465-03:00 DEBUG 23444 --- [StockHub-Spring] [nio-8080-exec-2] org.hibernate.SQL                        : 
    select
        c1_0.id,
        c1_0.descricao,
        c1_0.nome,
        c1_0.usuario_codigo 
    from
        categoria c1_0 
    where
        c1_0.id=?
Hibernate: 
    select
        c1_0.id,
        c1_0.descricao,
        c1_0.nome,
        c1_0.usuario_codigo 
    from
        categoria c1_0 
    where
        c1_0.id=?
2026-06-28T23:09:14.466-03:00 DEBUG 23444 --- [StockHub-Spring] [nio-8080-exec-2] org.hibernate.SQL                        : 
    select
        c1_0.id,
        c1_0.descricao,
        c1_0.nome,
        c1_0.usuario_codigo 
    from
        categoria c1_0 
    where
        c1_0.id=?
Hibernate: 
    select
        c1_0.id,
        c1_0.descricao,
        c1_0.nome,
        c1_0.usuario_codigo 
    from
        categoria c1_0 
    where
        c1_0.id=?
2026-06-28T23:09:14.469-03:00 DEBUG 23444 --- [StockHub-Spring] [nio-8080-exec-2] o.s.web.servlet.DispatcherServlet        : Completed 200 OK
2026-06-28T23:09:17.886-03:00 DEBUG 23444 --- [StockHub-Spring] [nio-8080-exec-5] o.s.web.servlet.DispatcherServlet        : GET "/categorias", parameters={}
2026-06-28T23:09:17.886-03:00 DEBUG 23444 --- [StockHub-Spring] [nio-8080-exec-5] s.w.s.m.m.a.RequestMappingHandlerMapping : Mapped to org.example.stockhubspring.controller.CategoriaController#listar(String, Model)
2026-06-28T23:09:17.888-03:00 DEBUG 23444 --- [StockHub-Spring] [nio-8080-exec-5] org.hibernate.SQL                        : 
    select
        c1_0.id,
        c1_0.descricao,
        c1_0.nome,
        c1_0.usuario_codigo 
    from
        categoria c1_0 
    where
        c1_0.usuario_codigo=? 
    order by
        c1_0.nome
Hibernate: 
    select
        c1_0.id,
        c1_0.descricao,
        c1_0.nome,
        c1_0.usuario_codigo 
    from
        categoria c1_0 
    where
        c1_0.usuario_codigo=? 
    order by
        c1_0.nome
2026-06-28T23:09:17.889-03:00 DEBUG 23444 --- [StockHub-Spring] [nio-8080-exec-5] org.hibernate.SQL                        : 
    select
        count(p1_0.id) 
    from
        produto p1_0 
    where
        p1_0.categoria_id=? 
        and p1_0.usuario_codigo=?
Hibernate: 
    select
        count(p1_0.id) 
    from
        produto p1_0 
    where
        p1_0.categoria_id=? 
        and p1_0.usuario_codigo=?
2026-06-28T23:09:17.892-03:00 DEBUG 23444 --- [StockHub-Spring] [nio-8080-exec-5] org.hibernate.SQL                        : 
    select
        count(p1_0.id) 
    from
        produto p1_0 
    where
        p1_0.categoria_id=? 
        and p1_0.usuario_codigo=?
Hibernate: 
    select
        count(p1_0.id) 
    from
        produto p1_0 
    where
        p1_0.categoria_id=? 
        and p1_0.usuario_codigo=?
2026-06-28T23:09:17.892-03:00 DEBUG 23444 --- [StockHub-Spring] [nio-8080-exec-5] org.hibernate.SQL                        : 
    select
        count(p1_0.id) 
    from
        produto p1_0 
    where
        p1_0.categoria_id=? 
        and p1_0.usuario_codigo=?
Hibernate: 
    select
        count(p1_0.id) 
    from
        produto p1_0 
    where
        p1_0.categoria_id=? 
        and p1_0.usuario_codigo=?
2026-06-28T23:09:17.893-03:00 DEBUG 23444 --- [StockHub-Spring] [nio-8080-exec-5] org.hibernate.SQL                        : 
    select
        count(p1_0.id) 
    from
        produto p1_0 
    where
        p1_0.categoria_id=? 
        and p1_0.usuario_codigo=?
Hibernate: 
    select
        count(p1_0.id) 
    from
        produto p1_0 
    where
        p1_0.categoria_id=? 
        and p1_0.usuario_codigo=?
2026-06-28T23:09:17.894-03:00 DEBUG 23444 --- [StockHub-Spring] [nio-8080-exec-5] org.hibernate.SQL                        : 
    select
        count(p1_0.id) 
    from
        produto p1_0 
    where
        p1_0.categoria_id=? 
        and p1_0.usuario_codigo=?
Hibernate: 
    select
        count(p1_0.id) 
    from
        produto p1_0 
    where
        p1_0.categoria_id=? 
        and p1_0.usuario_codigo=?
2026-06-28T23:09:17.895-03:00 DEBUG 23444 --- [StockHub-Spring] [nio-8080-exec-5] org.hibernate.SQL                        : 
    select
        count(p1_0.id) 
    from
        produto p1_0 
    where
        p1_0.categoria_id=? 
        and p1_0.usuario_codigo=?
Hibernate: 
    select
        count(p1_0.id) 
    from
        produto p1_0 
    where
        p1_0.categoria_id=? 
        and p1_0.usuario_codigo=?
2026-06-28T23:09:17.895-03:00 DEBUG 23444 --- [StockHub-Spring] [nio-8080-exec-5] org.hibernate.SQL                        : 
    select
        count(p1_0.id) 
    from
        produto p1_0 
    where
        p1_0.categoria_id=? 
        and p1_0.usuario_codigo=?
Hibernate: 
    select
        count(p1_0.id) 
    from
        produto p1_0 
    where
        p1_0.categoria_id=? 
        and p1_0.usuario_codigo=?
2026-06-28T23:09:17.896-03:00 DEBUG 23444 --- [StockHub-Spring] [nio-8080-exec-5] org.hibernate.SQL                        : 
    select
        count(p1_0.id) 
    from
        produto p1_0 
    where
        p1_0.categoria_id=? 
        and p1_0.usuario_codigo=?
Hibernate: 
    select
        count(p1_0.id) 
    from
        produto p1_0 
    where
        p1_0.categoria_id=? 
        and p1_0.usuario_codigo=?
2026-06-28T23:09:17.897-03:00 DEBUG 23444 --- [StockHub-Spring] [nio-8080-exec-5] org.hibernate.SQL                        : 
    select
        count(p1_0.id) 
    from
        produto p1_0 
    where
        p1_0.categoria_id=? 
        and p1_0.usuario_codigo=?
Hibernate: 
    select
        count(p1_0.id) 
    from
        produto p1_0 
    where
        p1_0.categoria_id=? 
        and p1_0.usuario_codigo=?
2026-06-28T23:09:17.897-03:00 DEBUG 23444 --- [StockHub-Spring] [nio-8080-exec-5] org.hibernate.SQL                        : 
    select
        count(p1_0.id) 
    from
        produto p1_0 
    where
        p1_0.categoria_id=? 
        and p1_0.usuario_codigo=?
Hibernate: 
    select
        count(p1_0.id) 
    from
        produto p1_0 
    where
        p1_0.categoria_id=? 
        and p1_0.usuario_codigo=?
2026-06-28T23:09:17.898-03:00 DEBUG 23444 --- [StockHub-Spring] [nio-8080-exec-5] org.hibernate.SQL                        : 
    select
        count(p1_0.id) 
    from
        produto p1_0 
    where
        p1_0.categoria_id=? 
        and p1_0.usuario_codigo=?
Hibernate: 
    select
        count(p1_0.id) 
    from
        produto p1_0 
    where
        p1_0.categoria_id=? 
        and p1_0.usuario_codigo=?
2026-06-28T23:09:17.899-03:00 DEBUG 23444 --- [StockHub-Spring] [nio-8080-exec-5] org.hibernate.SQL                        : 
    select
        count(p1_0.id) 
    from
        produto p1_0 
    where
        p1_0.categoria_id=? 
        and p1_0.usuario_codigo=?
Hibernate: 
    select
        count(p1_0.id) 
    from
        produto p1_0 
    where
        p1_0.categoria_id=? 
        and p1_0.usuario_codigo=?
2026-06-28T23:09:17.899-03:00 DEBUG 23444 --- [StockHub-Spring] [nio-8080-exec-5] org.hibernate.SQL                        : 
    select
        count(p1_0.id) 
    from
        produto p1_0 
    where
        p1_0.categoria_id=? 
        and p1_0.usuario_codigo=?
Hibernate: 
    select
        count(p1_0.id) 
    from
        produto p1_0 
    where
        p1_0.categoria_id=? 
        and p1_0.usuario_codigo=?
2026-06-28T23:09:17.900-03:00 DEBUG 23444 --- [StockHub-Spring] [nio-8080-exec-5] org.hibernate.SQL                        : 
    select
        count(p1_0.id) 
    from
        produto p1_0 
    where
        p1_0.categoria_id=? 
        and p1_0.usuario_codigo=?
Hibernate: 
    select
        count(p1_0.id) 
    from
        produto p1_0 
    where
        p1_0.categoria_id=? 
        and p1_0.usuario_codigo=?
2026-06-28T23:09:17.900-03:00 DEBUG 23444 --- [StockHub-Spring] [nio-8080-exec-5] org.hibernate.SQL                        : 
    select
        count(p1_0.id) 
    from
        produto p1_0 
    where
        p1_0.categoria_id=? 
        and p1_0.usuario_codigo=?
Hibernate: 
    select
        count(p1_0.id) 
    from
        produto p1_0 
    where
        p1_0.categoria_id=? 
        and p1_0.usuario_codigo=?
2026-06-28T23:09:17.904-03:00 DEBUG 23444 --- [StockHub-Spring] [nio-8080-exec-5] o.s.w.s.v.ContentNegotiatingViewResolver : Selected 'text/html' given [text/html, application/xhtml+xml, image/avif, image/webp, image/apng, application/xml;q=0.9, */*;q=0.8]
2026-06-28T23:09:17.904-03:00 DEBUG 23444 --- [StockHub-Spring] [nio-8080-exec-5] o.s.web.servlet.view.JstlView            : View name [categorias], model {usuarioLogado=org.example.stockhubspring.model.Usuario@1383e7e2, categorias=[org.example.stockhubspring.model.Categoria@231ba917, org.example.stockhubspring.model.Categoria@44e88b51, org.example.stockhubspring.model.Categoria@4d83be0c, org.example.stockhubspring.model.Categoria@4ea9e078, org.example.stockhubspring.model.Categoria@3084bbab, org.example.stockhubspring.model.Categoria@30361ce9, org.example.stockhubspring.model.Categoria@6015a73d, org.example.stockhubspring.model.Categoria@613e3167, org.example.stockhubspring.model.Categoria@74f28708, org.example.stockhubspring.model.Categoria@74231c2b, org.example.stockhubspring.model.Categoria@394261dd, org.example.stockhubspring.model.Categoria@2967ca9b, org.example.stockhubspring.model.Categoria@49cdc278, org.example.stockhubspring.model.Categoria@25e34d2e, org.example.stockhubspring.model.Categoria@f059cc6], busca=null, org.springframework.validation.BindingResult.usuarioLogado=org.springframework.validation.BeanPropertyBindingResult: 0 errors}
2026-06-28T23:09:17.904-03:00 DEBUG 23444 --- [StockHub-Spring] [nio-8080-exec-5] o.s.web.servlet.view.JstlView            : Forwarding to [/WEB-INF/pages/categorias.jsp]
2026-06-28T23:09:17.991-03:00 DEBUG 23444 --- [StockHub-Spring] [nio-8080-exec-5] o.s.web.servlet.DispatcherServlet        : Completed 200 OK
2026-06-28T23:09:19.434-03:00 DEBUG 23444 --- [StockHub-Spring] [nio-8080-exec-3] o.s.web.servlet.DispatcherServlet        : GET "/produtos", parameters={}
2026-06-28T23:09:19.434-03:00 DEBUG 23444 --- [StockHub-Spring] [nio-8080-exec-3] s.w.s.m.m.a.RequestMappingHandlerMapping : Mapped to org.example.stockhubspring.controller.ProdutoController#listar(String, Integer, String, Integer, String, String, String, int, int, Model)
2026-06-28T23:09:19.436-03:00 DEBUG 23444 --- [StockHub-Spring] [nio-8080-exec-3] org.hibernate.SQL                        : 
    select
        p1_0.id,
        p1_0.categoria_id,
        p1_0.descricao,
        p1_0.estoque_minimo,
        p1_0.nome,
        p1_0.preco,
        p1_0.quantidade,
        p1_0.usuario_codigo 
    from
        produto p1_0 
    where
        p1_0.usuario_codigo=? 
    order by
        p1_0.id desc
Hibernate: 
    select
        p1_0.id,
        p1_0.categoria_id,
        p1_0.descricao,
        p1_0.estoque_minimo,
        p1_0.nome,
        p1_0.preco,
        p1_0.quantidade,
        p1_0.usuario_codigo 
    from
        produto p1_0 
    where
        p1_0.usuario_codigo=? 
    order by
        p1_0.id desc
2026-06-28T23:09:19.438-03:00 DEBUG 23444 --- [StockHub-Spring] [nio-8080-exec-3] org.hibernate.SQL                        : 
    select
        c1_0.id,
        c1_0.descricao,
        c1_0.nome,
        c1_0.usuario_codigo 
    from
        categoria c1_0 
    where
        c1_0.usuario_codigo=? 
    order by
        c1_0.nome
Hibernate: 
    select
        c1_0.id,
        c1_0.descricao,
        c1_0.nome,
        c1_0.usuario_codigo 
    from
        categoria c1_0 
    where
        c1_0.usuario_codigo=? 
    order by
        c1_0.nome
2026-06-28T23:09:19.438-03:00 DEBUG 23444 --- [StockHub-Spring] [nio-8080-exec-3] org.hibernate.SQL                        : 
    select
        count(p1_0.id) 
    from
        produto p1_0 
    where
        p1_0.categoria_id=? 
        and p1_0.usuario_codigo=?
Hibernate: 
    select
        count(p1_0.id) 
    from
        produto p1_0 
    where
        p1_0.categoria_id=? 
        and p1_0.usuario_codigo=?
2026-06-28T23:09:19.440-03:00 DEBUG 23444 --- [StockHub-Spring] [nio-8080-exec-3] org.hibernate.SQL                        : 
    select
        count(p1_0.id) 
    from
        produto p1_0 
    where
        p1_0.categoria_id=? 
        and p1_0.usuario_codigo=?
Hibernate: 
    select
        count(p1_0.id) 
    from
        produto p1_0 
    where
        p1_0.categoria_id=? 
        and p1_0.usuario_codigo=?
2026-06-28T23:09:19.441-03:00 DEBUG 23444 --- [StockHub-Spring] [nio-8080-exec-3] org.hibernate.SQL                        : 
    select
        count(p1_0.id) 
    from
        produto p1_0 
    where
        p1_0.categoria_id=? 
        and p1_0.usuario_codigo=?
Hibernate: 
    select
        count(p1_0.id) 
    from
        produto p1_0 
    where
        p1_0.categoria_id=? 
        and p1_0.usuario_codigo=?
2026-06-28T23:09:19.441-03:00 DEBUG 23444 --- [StockHub-Spring] [nio-8080-exec-3] org.hibernate.SQL                        : 
    select
        count(p1_0.id) 
    from
        produto p1_0 
    where
        p1_0.categoria_id=? 
        and p1_0.usuario_codigo=?
Hibernate: 
    select
        count(p1_0.id) 
    from
        produto p1_0 
    where
        p1_0.categoria_id=? 
        and p1_0.usuario_codigo=?
2026-06-28T23:09:19.442-03:00 DEBUG 23444 --- [StockHub-Spring] [nio-8080-exec-3] org.hibernate.SQL                        : 
    select
        count(p1_0.id) 
    from
        produto p1_0 
    where
        p1_0.categoria_id=? 
        and p1_0.usuario_codigo=?
Hibernate: 
    select
        count(p1_0.id) 
    from
        produto p1_0 
    where
        p1_0.categoria_id=? 
        and p1_0.usuario_codigo=?
2026-06-28T23:09:19.442-03:00 DEBUG 23444 --- [StockHub-Spring] [nio-8080-exec-3] org.hibernate.SQL                        : 
    select
        count(p1_0.id) 
    from
        produto p1_0 
    where
        p1_0.categoria_id=? 
        and p1_0.usuario_codigo=?
Hibernate: 
    select
        count(p1_0.id) 
    from
        produto p1_0 
    where
        p1_0.categoria_id=? 
        and p1_0.usuario_codigo=?
2026-06-28T23:09:19.443-03:00 DEBUG 23444 --- [StockHub-Spring] [nio-8080-exec-3] org.hibernate.SQL                        : 
    select
        count(p1_0.id) 
    from
        produto p1_0 
    where
        p1_0.categoria_id=? 
        and p1_0.usuario_codigo=?
Hibernate: 
    select
        count(p1_0.id) 
    from
        produto p1_0 
    where
        p1_0.categoria_id=? 
        and p1_0.usuario_codigo=?
2026-06-28T23:09:19.444-03:00 DEBUG 23444 --- [StockHub-Spring] [nio-8080-exec-3] org.hibernate.SQL                        : 
    select
        count(p1_0.id) 
    from
        produto p1_0 
    where
        p1_0.categoria_id=? 
        and p1_0.usuario_codigo=?
Hibernate: 
    select
        count(p1_0.id) 
    from
        produto p1_0 
    where
        p1_0.categoria_id=? 
        and p1_0.usuario_codigo=?
2026-06-28T23:09:19.444-03:00 DEBUG 23444 --- [StockHub-Spring] [nio-8080-exec-3] org.hibernate.SQL                        : 
    select
        count(p1_0.id) 
    from
        produto p1_0 
    where
        p1_0.categoria_id=? 
        and p1_0.usuario_codigo=?
Hibernate: 
    select
        count(p1_0.id) 
    from
        produto p1_0 
    where
        p1_0.categoria_id=? 
        and p1_0.usuario_codigo=?
2026-06-28T23:09:19.445-03:00 DEBUG 23444 --- [StockHub-Spring] [nio-8080-exec-3] org.hibernate.SQL                        : 
    select
        count(p1_0.id) 
    from
        produto p1_0 
    where
        p1_0.categoria_id=? 
        and p1_0.usuario_codigo=?
Hibernate: 
    select
        count(p1_0.id) 
    from
        produto p1_0 
    where
        p1_0.categoria_id=? 
        and p1_0.usuario_codigo=?
2026-06-28T23:09:19.446-03:00 DEBUG 23444 --- [StockHub-Spring] [nio-8080-exec-3] org.hibernate.SQL                        : 
    select
        count(p1_0.id) 
    from
        produto p1_0 
    where
        p1_0.categoria_id=? 
        and p1_0.usuario_codigo=?
Hibernate: 
    select
        count(p1_0.id) 
    from
        produto p1_0 
    where
        p1_0.categoria_id=? 
        and p1_0.usuario_codigo=?
2026-06-28T23:09:19.446-03:00 DEBUG 23444 --- [StockHub-Spring] [nio-8080-exec-3] org.hibernate.SQL                        : 
    select
        count(p1_0.id) 
    from
        produto p1_0 
    where
        p1_0.categoria_id=? 
        and p1_0.usuario_codigo=?
Hibernate: 
    select
        count(p1_0.id) 
    from
        produto p1_0 
    where
        p1_0.categoria_id=? 
        and p1_0.usuario_codigo=?
2026-06-28T23:09:19.447-03:00 DEBUG 23444 --- [StockHub-Spring] [nio-8080-exec-3] org.hibernate.SQL                        : 
    select
        count(p1_0.id) 
    from
        produto p1_0 
    where
        p1_0.categoria_id=? 
        and p1_0.usuario_codigo=?
Hibernate: 
    select
        count(p1_0.id) 
    from
        produto p1_0 
    where
        p1_0.categoria_id=? 
        and p1_0.usuario_codigo=?
2026-06-28T23:09:19.447-03:00 DEBUG 23444 --- [StockHub-Spring] [nio-8080-exec-3] org.hibernate.SQL                        : 
    select
        count(p1_0.id) 
    from
        produto p1_0 
    where
        p1_0.categoria_id=? 
        and p1_0.usuario_codigo=?
Hibernate: 
    select
        count(p1_0.id) 
    from
        produto p1_0 
    where
        p1_0.categoria_id=? 
        and p1_0.usuario_codigo=?
2026-06-28T23:09:19.448-03:00 DEBUG 23444 --- [StockHub-Spring] [nio-8080-exec-3] org.hibernate.SQL                        : 
    select
        count(p1_0.id) 
    from
        produto p1_0 
    where
        p1_0.categoria_id=? 
        and p1_0.usuario_codigo=?
Hibernate: 
    select
        count(p1_0.id) 
    from
        produto p1_0 
    where
        p1_0.categoria_id=? 
        and p1_0.usuario_codigo=?
2026-06-28T23:09:19.450-03:00 DEBUG 23444 --- [StockHub-Spring] [nio-8080-exec-3] o.s.w.s.v.ContentNegotiatingViewResolver : Selected 'text/html' given [text/html, application/xhtml+xml, image/avif, image/webp, image/apng, application/xml;q=0.9, */*;q=0.8]
2026-06-28T23:09:19.450-03:00 DEBUG 23444 --- [StockHub-Spring] [nio-8080-exec-3] o.s.web.servlet.view.JstlView            : View name [produtos], model {usuarioLogado=org.example.stockhubspring.model.Usuario@1383e7e2, produtos=[org.example.stockhubspring.model.Produto@349a6e2f, org.example.stockhubspring.model.Produto@5afa5ea6, org.example.stockhubspring.model.Produto@1ec168c0, org.example.stockhubspring.model.Produto@e00b248, org.example.stockhubspring.model.Produto@690c5eb1, org.example.stockhubspring.model.Produto@618b3258, org.example.stockhubspring.model.Produto@7499c1c1, org.example.stockhubspring.model.Produto@7f80afe8], categorias=[org.example.stockhubspring.model.Categoria@711a776a, org.example.stockhubspring.model.Categoria@4c5903bb, org.example.stockhubspring.model.Categoria@8314b17, org.example.stockhubspring.model.Categoria@360a2c2e, org.example.stockhubspring.model.Categoria@1409bca2, org.example.stockhubspring.model.Categoria@10c92143, org.example.stockhubspring.model.Categoria@1222a9be, org.example.stockhubspring.model.Categoria@75ae9c88, org.example.stockhubspring.model.Categoria@2c1bc233, org.example.stockhubspring.model.Categoria@75012dca, org.example.stockhubspring.model.Categoria@7269158d, org.example.stockhubspring.model.Categoria@73a28d94, org.example.stockhubspring.model.Categoria@1dac389, org.example.stockhubspring.model.Categoria@7dc9c105, org.example.stockhubspring.model.Categoria@4736664c], busca=null, categoriaId=null, nivelEstoque=null, ordenacao=id, direcao=desc, direcaoInversa=asc, paginaAtual=1, totalPaginas=11, totalProdutosFiltro=87, tamanho=8, parametrosFiltros=&ordenacao=id&tamanho=8, org.springframework.validation.BindingResult.usuarioLogado=org.springframework.validation.BeanPropertyBindingResult: 0 errors}
2026-06-28T23:09:19.450-03:00 DEBUG 23444 --- [StockHub-Spring] [nio-8080-exec-3] o.s.web.servlet.view.JstlView            : Forwarding to [/WEB-INF/pages/produtos.jsp]
2026-06-28T23:09:19.452-03:00 DEBUG 23444 --- [StockHub-Spring] [nio-8080-exec-3] o.s.web.servlet.DispatcherServlet        : Completed 200 OK
